dataset,method,signal,size,quality,mi
PBMC,finetune_se_100m_state,protein_counts,100,0.0012346,0.54266
PBMC,finetune_se_100m_state,protein_counts,100,0.0025982,0.74041
PBMC,finetune_se_100m_state,protein_counts,100,0.0054682,0.85194
PBMC,finetune_se_100m_state,protein_counts,100,0.0115083,1.20234
PBMC,finetune_se_100m_state,protein_counts,100,0.02422,1.81182
PBMC,finetune_se_100m_state,protein_counts,100,0.050973,2.14138
PBMC,finetune_se_100m_state,protein_counts,100,0.1072766,2.74467
PBMC,finetune_se_100m_state,protein_counts,100,0.225772,3.29118
PBMC,finetune_se_100m_state,protein_counts,100,0.4751547,3.88802
PBMC,finetune_se_100m_state,protein_counts,100,1.0,4.27611
PBMC,finetune_se_100m_state,protein_counts,215,0.0012346,0.55686
PBMC,finetune_se_100m_state,protein_counts,215,0.0025982,0.72596
PBMC,finetune_se_100m_state,protein_counts,215,0.0054682,0.83198
PBMC,finetune_se_100m_state,protein_counts,215,0.0115083,1.22186
PBMC,finetune_se_100m_state,protein_counts,215,0.02422,1.81295
PBMC,finetune_se_100m_state,protein_counts,215,0.050973,2.2103
PBMC,finetune_se_100m_state,protein_counts,215,0.1072766,2.7601
PBMC,finetune_se_100m_state,protein_counts,215,0.225772,3.38549
PBMC,finetune_se_100m_state,protein_counts,215,0.4751547,3.81427
PBMC,finetune_se_100m_state,protein_counts,215,1.0,4.21385
PBMC,finetune_se_100m_state,protein_counts,464,0.0012346,0.5308
PBMC,finetune_se_100m_state,protein_counts,464,0.0025982,0.73807
PBMC,finetune_se_100m_state,protein_counts,464,0.0054682,0.86368
PBMC,finetune_se_100m_state,protein_counts,464,0.0115083,1.24824
PBMC,finetune_se_100m_state,protein_counts,464,0.02422,1.79244
PBMC,finetune_se_100m_state,protein_counts,464,0.050973,2.10314
PBMC,finetune_se_100m_state,protein_counts,464,0.1072766,2.72085
PBMC,finetune_se_100m_state,protein_counts,464,0.225772,3.33586
PBMC,finetune_se_100m_state,protein_counts,464,0.4751547,3.80832
PBMC,finetune_se_100m_state,protein_counts,464,1.0,4.22837
PBMC,finetune_se_100m_state,protein_counts,1000,0.0012346,0.52318
PBMC,finetune_se_100m_state,protein_counts,1000,0.0025982,0.7189
PBMC,finetune_se_100m_state,protein_counts,1000,0.0054682,0.79719
PBMC,finetune_se_100m_state,protein_counts,1000,0.0115083,1.16567
PBMC,finetune_se_100m_state,protein_counts,1000,0.02422,1.6572
PBMC,finetune_se_100m_state,protein_counts,1000,0.050973,2.08755
PBMC,finetune_se_100m_state,protein_counts,1000,0.1072766,2.71169
PBMC,finetune_se_100m_state,protein_counts,1000,0.225772,3.41852
PBMC,finetune_se_100m_state,protein_counts,1000,0.4751547,3.87729
PBMC,finetune_se_100m_state,protein_counts,1000,1.0,4.32434
PBMC,finetune_se_100m_state,protein_counts,2154,0.0012346,0.52916
PBMC,finetune_se_100m_state,protein_counts,2154,0.0025982,0.72563
PBMC,finetune_se_100m_state,protein_counts,2154,0.0054682,0.81948
PBMC,finetune_se_100m_state,protein_counts,2154,0.0115083,1.29049
PBMC,finetune_se_100m_state,protein_counts,2154,0.02422,1.8004
PBMC,finetune_se_100m_state,protein_counts,2154,0.050973,2.17758
PBMC,finetune_se_100m_state,protein_counts,2154,0.1072766,2.77711
PBMC,finetune_se_100m_state,protein_counts,2154,0.225772,3.39924
PBMC,finetune_se_100m_state,protein_counts,2154,0.4751547,3.80468
PBMC,finetune_se_100m_state,protein_counts,2154,1.0,4.18185
PBMC,finetune_se_100m_state,protein_counts,4641,0.0012346,0.48838
PBMC,finetune_se_100m_state,protein_counts,4641,0.0025982,0.73808
PBMC,finetune_se_100m_state,protein_counts,4641,0.0054682,0.85105
PBMC,finetune_se_100m_state,protein_counts,4641,0.0115083,1.31374
PBMC,finetune_se_100m_state,protein_counts,4641,0.02422,1.77429
PBMC,finetune_se_100m_state,protein_counts,4641,0.050973,2.17893
PBMC,finetune_se_100m_state,protein_counts,4641,0.1072766,2.76234
PBMC,finetune_se_100m_state,protein_counts,4641,0.225772,3.38421
PBMC,finetune_se_100m_state,protein_counts,4641,0.4751547,3.88118
PBMC,finetune_se_100m_state,protein_counts,4641,1.0,4.20833
PBMC,finetune_se_100m_state,protein_counts,10000,0.0012346,0.53994
PBMC,finetune_se_100m_state,protein_counts,10000,0.0025982,0.7161
PBMC,finetune_se_100m_state,protein_counts,10000,0.0054682,0.90016
PBMC,finetune_se_100m_state,protein_counts,10000,0.0115083,1.36029
PBMC,finetune_se_100m_state,protein_counts,10000,0.02422,1.77072
PBMC,finetune_se_100m_state,protein_counts,10000,0.050973,2.20128
PBMC,finetune_se_100m_state,protein_counts,10000,0.1072766,2.74069
PBMC,finetune_se_100m_state,protein_counts,10000,0.225772,3.39233
PBMC,finetune_se_100m_state,protein_counts,10000,0.4751547,3.84219
PBMC,finetune_se_100m_state,protein_counts,10000,1.0,4.2877
PBMC,finetune_se_100m_state,protein_counts,21544,0.0012346,0.53567
PBMC,finetune_se_100m_state,protein_counts,21544,0.0025982,0.65923
PBMC,finetune_se_100m_state,protein_counts,21544,0.0054682,0.85826
PBMC,finetune_se_100m_state,protein_counts,21544,0.0115083,1.34521
PBMC,finetune_se_100m_state,protein_counts,21544,0.02422,1.83521
PBMC,finetune_se_100m_state,protein_counts,21544,0.050973,2.20722
PBMC,finetune_se_100m_state,protein_counts,21544,0.1072766,2.71945
PBMC,finetune_se_100m_state,protein_counts,21544,0.225772,3.37558
PBMC,finetune_se_100m_state,protein_counts,21544,0.4751547,3.78837
PBMC,finetune_se_100m_state,protein_counts,21544,1.0,4.26019
PBMC,finetune_se_100m_state,protein_counts,46415,0.0012346,0.53073
PBMC,finetune_se_100m_state,protein_counts,46415,0.0025982,0.69718
PBMC,finetune_se_100m_state,protein_counts,46415,0.0054682,0.84141
PBMC,finetune_se_100m_state,protein_counts,46415,0.0115083,1.3228
PBMC,finetune_se_100m_state,protein_counts,46415,0.02422,1.7722
PBMC,finetune_se_100m_state,protein_counts,46415,0.050973,2.16801
PBMC,finetune_se_100m_state,protein_counts,46415,0.1072766,2.69766
PBMC,finetune_se_100m_state,protein_counts,46415,0.225772,3.41366
PBMC,finetune_se_100m_state,protein_counts,46415,0.4751547,3.73868
PBMC,finetune_se_100m_state,protein_counts,46415,1.0,4.25342
PBMC,finetune_se_100m_state,protein_counts,100000,0.0012346,0.53507
PBMC,finetune_se_100m_state,protein_counts,100000,0.0025982,0.68356
PBMC,finetune_se_100m_state,protein_counts,100000,0.0054682,0.88306
PBMC,finetune_se_100m_state,protein_counts,100000,0.0115083,1.31905
PBMC,finetune_se_100m_state,protein_counts,100000,0.02422,1.81665
PBMC,finetune_se_100m_state,protein_counts,100000,0.050973,2.18614
PBMC,finetune_se_100m_state,protein_counts,100000,0.1072766,2.70121
PBMC,finetune_se_100m_state,protein_counts,100000,0.225772,3.38875
PBMC,finetune_se_100m_state,protein_counts,100000,0.4751547,3.93295
PBMC,finetune_se_100m_state,protein_counts,100000,1.0,4.25109
