dataset,algo,size,quality,signal,mi,trial_id,max_lr,batch_size,dropout,weight_decay
PBMC,State,100000,0.0012346,protein_counts,0.43179,0,5e-05,128,0.0,0.001
PBMC,State,100000,0.0025982,protein_counts,0.61182,0,5e-05,128,0.0,0.001
PBMC,State,100000,0.0054682,protein_counts,1.01905,0,5e-05,128,0.0,0.001
PBMC,State,100000,0.0115083,protein_counts,1.69565,0,5e-05,128,0.0,0.001
PBMC,State,100000,0.02422,protein_counts,2.06817,0,5e-05,128,0.0,0.001
PBMC,State,100000,0.050973,protein_counts,2.61252,0,5e-05,128,0.0,0.001
PBMC,State,100000,0.1072766,protein_counts,3.22274,0,5e-05,128,0.0,0.001
PBMC,State,100000,0.225772,protein_counts,3.35834,0,5e-05,128,0.0,0.001
PBMC,State,100000,0.4751547,protein_counts,2.87029,0,5e-05,128,0.0,0.001
PBMC,State,100000,1.0,protein_counts,3.30896,0,5e-05,128,0.0,0.001
PBMC,State,100000,0.0012346,protein_counts,0.381,1,0.0001,32,0.0,0.0001
PBMC,State,100000,0.0025982,protein_counts,0.60996,1,0.0001,32,0.0,0.0001
PBMC,State,100000,0.0054682,protein_counts,1.12377,1,0.0001,32,0.0,0.0001
PBMC,State,100000,0.0115083,protein_counts,1.76474,1,0.0001,32,0.0,0.0001
PBMC,State,100000,0.02422,protein_counts,2.20801,1,0.0001,32,0.0,0.0001
PBMC,State,100000,0.050973,protein_counts,2.80398,1,0.0001,32,0.0,0.0001
PBMC,State,100000,0.1072766,protein_counts,3.22175,1,0.0001,32,0.0,0.0001
PBMC,State,100000,0.225772,protein_counts,3.54937,1,0.0001,32,0.0,0.0001
PBMC,State,100000,0.4751547,protein_counts,3.61939,1,0.0001,32,0.0,0.0001
PBMC,State,100000,1.0,protein_counts,3.94323,1,0.0001,32,0.0,0.0001
PBMC,State,100000,0.0012346,protein_counts,0.01751,2,0.001,128,0.1,0.001
PBMC,State,100000,0.0025982,protein_counts,0.05932,2,0.001,128,0.1,0.001
PBMC,State,100000,0.0054682,protein_counts,0.02032,2,0.001,128,0.1,0.001
PBMC,State,100000,0.0115083,protein_counts,0.01829,2,0.001,128,0.1,0.001
PBMC,State,100000,0.02422,protein_counts,-0.00225,2,0.001,128,0.1,0.001
PBMC,State,100000,0.050973,protein_counts,0.02407,2,0.001,128,0.1,0.001
PBMC,State,100000,0.225772,protein_counts,0.01163,2,0.001,128,0.1,0.001
PBMC,State,100000,0.4751547,protein_counts,0.0575,2,0.001,128,0.1,0.001
PBMC,State,100000,1.0,protein_counts,0.07261,2,0.001,128,0.1,0.001
PBMC,State,100000,0.0012346,protein_counts,0.33632,3,1e-05,128,0.1,0.01
PBMC,State,100000,0.0025982,protein_counts,0.49189,3,1e-05,128,0.1,0.01
PBMC,State,100000,0.0054682,protein_counts,0.57663,3,1e-05,128,0.1,0.01
PBMC,State,100000,0.0115083,protein_counts,0.75245,3,1e-05,128,0.1,0.01
PBMC,State,100000,0.02422,protein_counts,1.21361,3,1e-05,128,0.1,0.01
PBMC,State,100000,0.050973,protein_counts,1.85888,3,1e-05,128,0.1,0.01
PBMC,State,100000,0.1072766,protein_counts,1.53558,3,1e-05,128,0.1,0.01
PBMC,State,100000,0.225772,protein_counts,2.02431,3,1e-05,128,0.1,0.01
PBMC,State,100000,0.4751547,protein_counts,1.90929,3,1e-05,128,0.1,0.01
PBMC,State,100000,1.0,protein_counts,1.80733,3,1e-05,128,0.1,0.01
PBMC,State,100000,0.0012346,protein_counts,0.01819,4,0.0005,64,0.1,0.1
PBMC,State,100000,0.0025982,protein_counts,0.00882,4,0.0005,64,0.1,0.1
PBMC,State,100000,0.0054682,protein_counts,0.23731,4,0.0005,64,0.1,0.1
PBMC,State,100000,0.0115083,protein_counts,0.09055,4,0.0005,64,0.1,0.1
PBMC,State,100000,0.02422,protein_counts,0.67441,4,0.0005,64,0.1,0.1
PBMC,State,100000,0.050973,protein_counts,0.42414,4,0.0005,64,0.1,0.1
PBMC,State,100000,0.1072766,protein_counts,0.01913,4,0.0005,64,0.1,0.1
PBMC,State,100000,0.225772,protein_counts,0.37797,4,0.0005,64,0.1,0.1
PBMC,State,100000,0.4751547,protein_counts,0.99723,4,0.0005,64,0.1,0.1
PBMC,State,100000,1.0,protein_counts,1.32077,4,0.0005,64,0.1,0.1
PBMC,State,100000,0.0012346,protein_counts,0.00518,5,0.001,128,0.0,0.1
PBMC,State,100000,0.0025982,protein_counts,-0.00534,5,0.001,128,0.0,0.1
PBMC,State,100000,0.0054682,protein_counts,0.01456,5,0.001,128,0.0,0.1
PBMC,State,100000,0.0115083,protein_counts,-0.00342,5,0.001,128,0.0,0.1
PBMC,State,100000,0.02422,protein_counts,-0.00717,5,0.001,128,0.0,0.1
PBMC,State,100000,0.050973,protein_counts,0.00372,5,0.001,128,0.0,0.1
PBMC,State,100000,0.1072766,protein_counts,0.01839,5,0.001,128,0.0,0.1
PBMC,State,100000,0.225772,protein_counts,0.1096,5,0.001,128,0.0,0.1
PBMC,State,100000,0.4751547,protein_counts,0.12609,5,0.001,128,0.0,0.1
PBMC,State,100000,1.0,protein_counts,0.44646,5,0.001,128,0.0,0.1
PBMC,State,100000,0.0012346,protein_counts,0.47636,6,1e-05,128,0.0,0.0001
PBMC,State,100000,0.0025982,protein_counts,0.58333,6,1e-05,128,0.0,0.0001
PBMC,State,100000,0.0054682,protein_counts,0.48729,6,1e-05,128,0.0,0.0001
PBMC,State,100000,0.0115083,protein_counts,1.1148,6,1e-05,128,0.0,0.0001
PBMC,State,100000,0.02422,protein_counts,1.73716,6,1e-05,128,0.0,0.0001
PBMC,State,100000,0.050973,protein_counts,2.15367,6,1e-05,128,0.0,0.0001
PBMC,State,100000,0.1072766,protein_counts,2.24717,6,1e-05,128,0.0,0.0001
PBMC,State,100000,0.225772,protein_counts,1.45682,6,1e-05,128,0.0,0.0001
PBMC,State,100000,0.4751547,protein_counts,2.0437,6,1e-05,128,0.0,0.0001
PBMC,State,100000,1.0,protein_counts,1.81544,6,1e-05,128,0.0,0.0001
PBMC,State,100000,0.0012346,protein_counts,0.01914,7,0.0005,128,0.3,0.0001
PBMC,State,100000,0.0025982,protein_counts,0.0042,7,0.0005,128,0.3,0.0001
PBMC,State,100000,0.0054682,protein_counts,-0.01054,7,0.0005,128,0.3,0.0001
PBMC,State,100000,0.0115083,protein_counts,0.10007,7,0.0005,128,0.3,0.0001
PBMC,State,100000,0.02422,protein_counts,0.19474,7,0.0005,128,0.3,0.0001
PBMC,State,100000,0.050973,protein_counts,0.15005,7,0.0005,128,0.3,0.0001
PBMC,State,100000,0.1072766,protein_counts,0.34412,7,0.0005,128,0.3,0.0001
PBMC,State,100000,0.225772,protein_counts,0.47165,7,0.0005,128,0.3,0.0001
PBMC,State,100000,0.4751547,protein_counts,0.53736,7,0.0005,128,0.3,0.0001
PBMC,State,100000,1.0,protein_counts,1.15206,7,0.0005,128,0.3,0.0001
PBMC,State,100000,0.0012346,protein_counts,0.37831,8,0.0001,64,0.1,0.01
PBMC,State,100000,0.0025982,protein_counts,0.60508,8,0.0001,64,0.1,0.01
PBMC,State,100000,0.0054682,protein_counts,1.37154,8,0.0001,64,0.1,0.01
PBMC,State,100000,0.0115083,protein_counts,1.64648,8,0.0001,64,0.1,0.01
PBMC,State,100000,0.02422,protein_counts,1.88499,8,0.0001,64,0.1,0.01
PBMC,State,100000,0.050973,protein_counts,2.76025,8,0.0001,64,0.1,0.01
PBMC,State,100000,0.1072766,protein_counts,3.26967,8,0.0001,64,0.1,0.01
PBMC,State,100000,0.225772,protein_counts,2.9793,8,0.0001,64,0.1,0.01
PBMC,State,100000,0.4751547,protein_counts,3.71144,8,0.0001,64,0.1,0.01
PBMC,State,100000,1.0,protein_counts,3.86628,8,0.0001,64,0.1,0.01
PBMC,State,100000,0.0012346,protein_counts,0.4099,,,,,
PBMC,State,100000,0.0025982,protein_counts,0.63679,,,,,
PBMC,State,100000,0.0054682,protein_counts,1.22305,,,,,
PBMC,State,100000,0.0115083,protein_counts,1.71326,,,,,
PBMC,State,100000,0.02422,protein_counts,2.11305,,,,,
PBMC,State,100000,0.050973,protein_counts,2.77706,,,,,
PBMC,State,100000,0.1072766,protein_counts,3.35825,,,,,
PBMC,State,100000,0.225772,protein_counts,3.31477,,,,,
PBMC,State,100000,0.4751547,protein_counts,3.63024,,,,,
PBMC,State,100000,1.0,protein_counts,3.65539,,,,,
