dataset,algo,size,quality,probe,value
PBMC,Geneformer,100,0.0012346,ridge_mean_r2,-0.16286144142931866
PBMC,Geneformer,100,0.0025982,ridge_mean_r2,-0.20987123140096
PBMC,Geneformer,100,0.0054682,ridge_mean_r2,-0.016518498412459344
PBMC,Geneformer,100,0.0115083,ridge_mean_r2,0.11195040082958148
PBMC,Geneformer,100,0.02422,ridge_mean_r2,0.11035476296439986
PBMC,Geneformer,100,0.050973,ridge_mean_r2,0.14095755512764183
PBMC,Geneformer,100,0.1072766,ridge_mean_r2,0.0006979152137922765
PBMC,Geneformer,100,0.225772,ridge_mean_r2,0.15367049166036797
PBMC,Geneformer,100,0.4751547,ridge_mean_r2,0.16809046303703323
PBMC,Geneformer,100,1.0,ridge_mean_r2,0.1676714776371317
PBMC,Geneformer,215,0.0012346,ridge_mean_r2,-0.15208113190761238
PBMC,Geneformer,215,0.0025982,ridge_mean_r2,-0.2880159492562155
PBMC,Geneformer,215,0.0054682,ridge_mean_r2,-0.004346449208251509
PBMC,Geneformer,215,0.0115083,ridge_mean_r2,0.11429958882035515
PBMC,Geneformer,215,0.02422,ridge_mean_r2,0.12350077555116408
PBMC,Geneformer,215,0.050973,ridge_mean_r2,0.150113077953686
PBMC,Geneformer,215,0.1072766,ridge_mean_r2,-0.004556029251152792
PBMC,Geneformer,215,0.225772,ridge_mean_r2,0.16909442525193125
PBMC,Geneformer,215,0.4751547,ridge_mean_r2,0.1908207949720221
PBMC,Geneformer,215,1.0,ridge_mean_r2,0.16904562764443928
PBMC,Geneformer,464,0.0012346,ridge_mean_r2,-0.1956381194236514
PBMC,Geneformer,464,0.0025982,ridge_mean_r2,-0.2747605188287936
PBMC,Geneformer,464,0.0054682,ridge_mean_r2,0.027947378440689823
PBMC,Geneformer,464,0.0115083,ridge_mean_r2,0.12134892981233934
PBMC,Geneformer,464,0.02422,ridge_mean_r2,0.12677743700795355
PBMC,Geneformer,464,0.050973,ridge_mean_r2,0.15657499022181187
PBMC,Geneformer,464,0.1072766,ridge_mean_r2,0.009476268924872307
PBMC,Geneformer,464,0.225772,ridge_mean_r2,0.18093520887957115
PBMC,Geneformer,464,0.4751547,ridge_mean_r2,0.21757742619756737
PBMC,Geneformer,464,1.0,ridge_mean_r2,0.20683477430407304
PBMC,Geneformer,1000,0.0012346,ridge_mean_r2,-0.19778673174168368
PBMC,Geneformer,1000,0.0025982,ridge_mean_r2,-0.2691412656626202
PBMC,Geneformer,1000,0.0054682,ridge_mean_r2,0.0053409943270648925
PBMC,Geneformer,1000,0.0115083,ridge_mean_r2,0.12786884449867192
PBMC,Geneformer,1000,0.02422,ridge_mean_r2,0.13919057418434247
PBMC,Geneformer,1000,0.050973,ridge_mean_r2,0.1729054793892338
PBMC,Geneformer,1000,0.1072766,ridge_mean_r2,-0.016711580437211004
PBMC,Geneformer,1000,0.225772,ridge_mean_r2,0.20531365829773338
PBMC,Geneformer,1000,0.4751547,ridge_mean_r2,0.22051166562973815
PBMC,Geneformer,1000,1.0,ridge_mean_r2,0.21567135962852158
PBMC,Geneformer,2154,0.0012346,ridge_mean_r2,-0.11552677290078878
PBMC,Geneformer,2154,0.0025982,ridge_mean_r2,-0.23728307985846755
PBMC,Geneformer,2154,0.0054682,ridge_mean_r2,0.01505970255393336
PBMC,Geneformer,2154,0.0115083,ridge_mean_r2,0.13133298114803554
PBMC,Geneformer,2154,0.02422,ridge_mean_r2,0.13617249646398558
PBMC,Geneformer,2154,0.050973,ridge_mean_r2,0.17862152283948599
PBMC,Geneformer,2154,0.1072766,ridge_mean_r2,0.01825731754200215
PBMC,Geneformer,2154,0.225772,ridge_mean_r2,0.22017300240288448
PBMC,Geneformer,2154,0.4751547,ridge_mean_r2,0.22934088409081693
PBMC,Geneformer,2154,1.0,ridge_mean_r2,0.22334875376183458
PBMC,Geneformer,4641,0.0012346,ridge_mean_r2,-0.21168215802282755
PBMC,Geneformer,4641,0.0025982,ridge_mean_r2,-0.20497121472511515
PBMC,Geneformer,4641,0.0054682,ridge_mean_r2,0.006949885624353868
PBMC,Geneformer,4641,0.0115083,ridge_mean_r2,0.1291667610337402
PBMC,Geneformer,4641,0.02422,ridge_mean_r2,0.1492184022890969
PBMC,Geneformer,4641,0.050973,ridge_mean_r2,0.19541389395021208
PBMC,Geneformer,4641,0.1072766,ridge_mean_r2,0.003382067821703994
PBMC,Geneformer,4641,0.225772,ridge_mean_r2,0.22102816529684735
PBMC,Geneformer,4641,0.4751547,ridge_mean_r2,0.24219200262311033
PBMC,Geneformer,4641,1.0,ridge_mean_r2,0.2401048059757398
PBMC,Geneformer,10000,0.0012346,ridge_mean_r2,-0.22089530740253804
PBMC,Geneformer,10000,0.0025982,ridge_mean_r2,-0.22631654625081318
PBMC,Geneformer,10000,0.0054682,ridge_mean_r2,0.021098458035315487
PBMC,Geneformer,10000,0.0115083,ridge_mean_r2,0.1369721107906343
PBMC,Geneformer,10000,0.02422,ridge_mean_r2,0.16555203156771067
PBMC,Geneformer,10000,0.050973,ridge_mean_r2,0.19423158308653496
PBMC,Geneformer,10000,0.1072766,ridge_mean_r2,0.08914003009921279
PBMC,Geneformer,10000,0.225772,ridge_mean_r2,0.23180132656547273
PBMC,Geneformer,10000,0.4751547,ridge_mean_r2,0.25223835287529806
PBMC,Geneformer,10000,1.0,ridge_mean_r2,0.2421257182212847
PBMC,Geneformer,21544,0.0012346,ridge_mean_r2,-0.35661526858889847
PBMC,Geneformer,21544,0.0025982,ridge_mean_r2,-0.17580824723971064
PBMC,Geneformer,21544,0.0054682,ridge_mean_r2,0.027587542234467403
PBMC,Geneformer,21544,0.0115083,ridge_mean_r2,0.15152178459002028
PBMC,Geneformer,21544,0.02422,ridge_mean_r2,0.17824089181904576
PBMC,Geneformer,21544,0.050973,ridge_mean_r2,0.20416820303773214
PBMC,Geneformer,21544,0.1072766,ridge_mean_r2,0.10599968774387548
PBMC,Geneformer,21544,0.225772,ridge_mean_r2,0.24502566416398525
PBMC,Geneformer,21544,0.4751547,ridge_mean_r2,0.2601118027454818
PBMC,Geneformer,21544,1.0,ridge_mean_r2,0.2533773302146226
PBMC,Geneformer,46415,0.0012346,ridge_mean_r2,-0.12524331509653513
PBMC,Geneformer,46415,0.0025982,ridge_mean_r2,-0.04627022565971324
PBMC,Geneformer,46415,0.0054682,ridge_mean_r2,0.0665329714747257
PBMC,Geneformer,46415,0.0115083,ridge_mean_r2,0.1683548069568787
PBMC,Geneformer,46415,0.02422,ridge_mean_r2,0.1795798900475989
PBMC,Geneformer,46415,0.050973,ridge_mean_r2,0.20541450263737265
PBMC,Geneformer,46415,0.1072766,ridge_mean_r2,0.1603617622545014
PBMC,Geneformer,46415,0.225772,ridge_mean_r2,0.25106274541172785
PBMC,Geneformer,46415,0.4751547,ridge_mean_r2,0.2757685923480938
PBMC,Geneformer,46415,1.0,ridge_mean_r2,0.2670796065203839
PBMC,Geneformer,100000,0.0012346,ridge_mean_r2,-0.17504692101170655
PBMC,Geneformer,100000,0.0025982,ridge_mean_r2,-0.11274111721895243
PBMC,Geneformer,100000,0.0054682,ridge_mean_r2,0.05921964672777898
PBMC,Geneformer,100000,0.0115083,ridge_mean_r2,0.16692369057526557
PBMC,Geneformer,100000,0.02422,ridge_mean_r2,0.18949360092302858
PBMC,Geneformer,100000,0.050973,ridge_mean_r2,0.20902254504061663
PBMC,Geneformer,100000,0.1072766,ridge_mean_r2,0.1473274418323017
PBMC,Geneformer,100000,0.225772,ridge_mean_r2,0.2382670048037198
PBMC,Geneformer,100000,0.4751547,ridge_mean_r2,0.2673624149628754
PBMC,Geneformer,100000,1.0,ridge_mean_r2,0.26094425876182037
PBMC,PCA,100,0.0012346,ridge_mean_r2,0.03297020090026717
PBMC,PCA,100,0.0025982,ridge_mean_r2,0.06832661192310886
PBMC,PCA,100,0.0054682,ridge_mean_r2,0.09020739410356765
PBMC,PCA,100,0.0115083,ridge_mean_r2,0.11836954185953012
PBMC,PCA,100,0.02422,ridge_mean_r2,0.14236475470595064
PBMC,PCA,100,0.050973,ridge_mean_r2,0.18478960498414806
PBMC,PCA,100,0.1072766,ridge_mean_r2,0.20557150547060504
PBMC,PCA,100,0.225772,ridge_mean_r2,0.2184842284466792
PBMC,PCA,100,0.4751547,ridge_mean_r2,0.22859848301266267
PBMC,PCA,100,1.0,ridge_mean_r2,0.24054253496157774
PBMC,PCA,215,0.0012346,ridge_mean_r2,0.03382202847484044
PBMC,PCA,215,0.0025982,ridge_mean_r2,0.07398046304917244
PBMC,PCA,215,0.0054682,ridge_mean_r2,0.09930420089792573
PBMC,PCA,215,0.0115083,ridge_mean_r2,0.14067200362153204
PBMC,PCA,215,0.02422,ridge_mean_r2,0.16567290968368117
PBMC,PCA,215,0.050973,ridge_mean_r2,0.18679457049546336
PBMC,PCA,215,0.1072766,ridge_mean_r2,0.210300302214467
PBMC,PCA,215,0.225772,ridge_mean_r2,0.22381967098613045
PBMC,PCA,215,0.4751547,ridge_mean_r2,0.24066768060452826
PBMC,PCA,215,1.0,ridge_mean_r2,0.25117516820089036
PBMC,PCA,464,0.0012346,ridge_mean_r2,0.035201015519341634
PBMC,PCA,464,0.0025982,ridge_mean_r2,0.07565164833227246
PBMC,PCA,464,0.0054682,ridge_mean_r2,0.10190151457679429
PBMC,PCA,464,0.0115083,ridge_mean_r2,0.13320345440442552
PBMC,PCA,464,0.02422,ridge_mean_r2,0.1617395436962921
PBMC,PCA,464,0.050973,ridge_mean_r2,0.19631129751575516
PBMC,PCA,464,0.1072766,ridge_mean_r2,0.21111688634199657
PBMC,PCA,464,0.225772,ridge_mean_r2,0.22501358801070578
PBMC,PCA,464,0.4751547,ridge_mean_r2,0.2384019187820556
PBMC,PCA,464,1.0,ridge_mean_r2,0.24924562850661205
PBMC,PCA,1000,0.0012346,ridge_mean_r2,0.038223141094363096
PBMC,PCA,1000,0.0025982,ridge_mean_r2,0.07585433062041076
PBMC,PCA,1000,0.0054682,ridge_mean_r2,0.10168732264889811
PBMC,PCA,1000,0.0115083,ridge_mean_r2,0.13895232824102347
PBMC,PCA,1000,0.02422,ridge_mean_r2,0.1703809174026278
PBMC,PCA,1000,0.050973,ridge_mean_r2,0.1945549421199767
PBMC,PCA,1000,0.1072766,ridge_mean_r2,0.2137509247746723
PBMC,PCA,1000,0.225772,ridge_mean_r2,0.22799372863018658
PBMC,PCA,1000,0.4751547,ridge_mean_r2,0.24662004824515354
PBMC,PCA,1000,1.0,ridge_mean_r2,0.2570577050588212
PBMC,PCA,2154,0.0012346,ridge_mean_r2,0.032899486224269976
PBMC,PCA,2154,0.0025982,ridge_mean_r2,0.07044847420662664
PBMC,PCA,2154,0.0054682,ridge_mean_r2,0.09743026135298137
PBMC,PCA,2154,0.0115083,ridge_mean_r2,0.1384137356717571
PBMC,PCA,2154,0.02422,ridge_mean_r2,0.17107310837755366
PBMC,PCA,2154,0.050973,ridge_mean_r2,0.19370344485982968
PBMC,PCA,2154,0.1072766,ridge_mean_r2,0.2121907900519727
PBMC,PCA,2154,0.225772,ridge_mean_r2,0.22788443623392357
PBMC,PCA,2154,0.4751547,ridge_mean_r2,0.2464819798253405
PBMC,PCA,2154,1.0,ridge_mean_r2,0.2572005802130207
PBMC,PCA,4641,0.0012346,ridge_mean_r2,0.035421081940827964
PBMC,PCA,4641,0.0025982,ridge_mean_r2,0.07198504346971689
PBMC,PCA,4641,0.0054682,ridge_mean_r2,0.09800296326680459
PBMC,PCA,4641,0.0115083,ridge_mean_r2,0.13054817010761163
PBMC,PCA,4641,0.02422,ridge_mean_r2,0.17572799434547223
PBMC,PCA,4641,0.050973,ridge_mean_r2,0.19618380973340335
PBMC,PCA,4641,0.1072766,ridge_mean_r2,0.2148744284668049
PBMC,PCA,4641,0.225772,ridge_mean_r2,0.23298987750533812
PBMC,PCA,4641,0.4751547,ridge_mean_r2,0.2469236393341559
PBMC,PCA,4641,1.0,ridge_mean_r2,0.2567820996360312
PBMC,PCA,10000,0.0012346,ridge_mean_r2,0.03645363066909918
PBMC,PCA,10000,0.0025982,ridge_mean_r2,0.07186339980927295
PBMC,PCA,10000,0.0054682,ridge_mean_r2,0.09814875168177889
PBMC,PCA,10000,0.0115083,ridge_mean_r2,0.13055764494869462
PBMC,PCA,10000,0.02422,ridge_mean_r2,0.17148088366253636
PBMC,PCA,10000,0.050973,ridge_mean_r2,0.19481448611479182
PBMC,PCA,10000,0.1072766,ridge_mean_r2,0.21542703861770265
PBMC,PCA,10000,0.225772,ridge_mean_r2,0.22869989735471313
PBMC,PCA,10000,0.4751547,ridge_mean_r2,0.24788032372010227
PBMC,PCA,10000,1.0,ridge_mean_r2,0.2576774138377453
PBMC,PCA,21544,0.0012346,ridge_mean_r2,0.036005014584712086
PBMC,PCA,21544,0.0025982,ridge_mean_r2,0.0718519598392424
PBMC,PCA,21544,0.0054682,ridge_mean_r2,0.09832714109574059
PBMC,PCA,21544,0.0115083,ridge_mean_r2,0.13065168343981431
PBMC,PCA,21544,0.02422,ridge_mean_r2,0.17272789179020032
PBMC,PCA,21544,0.050973,ridge_mean_r2,0.19871452806744114
PBMC,PCA,21544,0.1072766,ridge_mean_r2,0.21533572464058365
PBMC,PCA,21544,0.225772,ridge_mean_r2,0.2304531487053305
PBMC,PCA,21544,0.4751547,ridge_mean_r2,0.24712683126631635
PBMC,PCA,21544,1.0,ridge_mean_r2,0.2569001088307876
PBMC,PCA,46415,0.0012346,ridge_mean_r2,0.036378034392619635
PBMC,PCA,46415,0.0025982,ridge_mean_r2,0.07159900155116725
PBMC,PCA,46415,0.0054682,ridge_mean_r2,0.09760965603918446
PBMC,PCA,46415,0.0115083,ridge_mean_r2,0.13051886143978597
PBMC,PCA,46415,0.02422,ridge_mean_r2,0.1723409513608656
PBMC,PCA,46415,0.050973,ridge_mean_r2,0.1978345241768912
PBMC,PCA,46415,0.1072766,ridge_mean_r2,0.21564827895595415
PBMC,PCA,46415,0.225772,ridge_mean_r2,0.23219834931667116
PBMC,PCA,46415,0.4751547,ridge_mean_r2,0.24741964960235044
PBMC,PCA,46415,1.0,ridge_mean_r2,0.2572381993253336
PBMC,PCA,100000,0.0012346,ridge_mean_r2,0.036324875046460155
PBMC,PCA,100000,0.0025982,ridge_mean_r2,0.0716364916190685
PBMC,PCA,100000,0.0054682,ridge_mean_r2,0.097892926652395
PBMC,PCA,100000,0.0115083,ridge_mean_r2,0.130067606903748
PBMC,PCA,100000,0.02422,ridge_mean_r2,0.17239008320755966
PBMC,PCA,100000,0.050973,ridge_mean_r2,0.19681224646839887
PBMC,PCA,100000,0.1072766,ridge_mean_r2,0.2155495862536606
PBMC,PCA,100000,0.225772,ridge_mean_r2,0.2323857833000978
PBMC,PCA,100000,0.4751547,ridge_mean_r2,0.2475802196027416
PBMC,PCA,100000,1.0,ridge_mean_r2,0.2573707262000964
PBMC,RandomProjection,100,0.0012346,ridge_mean_r2,0.0036245859826477965
PBMC,RandomProjection,100,0.0025982,ridge_mean_r2,0.013113936348741712
PBMC,RandomProjection,100,0.0054682,ridge_mean_r2,0.028732307836452017
PBMC,RandomProjection,100,0.0115083,ridge_mean_r2,0.0501949420642624
PBMC,RandomProjection,100,0.02422,ridge_mean_r2,0.07401474552555674
PBMC,RandomProjection,100,0.050973,ridge_mean_r2,0.09776558297724976
PBMC,RandomProjection,100,0.1072766,ridge_mean_r2,0.11650667470395659
PBMC,RandomProjection,100,0.225772,ridge_mean_r2,0.13276161741084394
PBMC,RandomProjection,100,0.4751547,ridge_mean_r2,0.14277659753238864
PBMC,RandomProjection,100,1.0,ridge_mean_r2,0.15148649228781003
PBMC,RandomProjection,215,0.0012346,ridge_mean_r2,0.0036245859826477965
PBMC,RandomProjection,215,0.0025982,ridge_mean_r2,0.013113936348741712
PBMC,RandomProjection,215,0.0054682,ridge_mean_r2,0.028732307836452017
PBMC,RandomProjection,215,0.0115083,ridge_mean_r2,0.0501949420642624
PBMC,RandomProjection,215,0.02422,ridge_mean_r2,0.07401474552555674
PBMC,RandomProjection,215,0.050973,ridge_mean_r2,0.09776558297724976
PBMC,RandomProjection,215,0.1072766,ridge_mean_r2,0.11650667470395659
PBMC,RandomProjection,215,0.225772,ridge_mean_r2,0.13276161741084394
PBMC,RandomProjection,215,0.4751547,ridge_mean_r2,0.14277659753238864
PBMC,RandomProjection,215,1.0,ridge_mean_r2,0.15148649228781003
PBMC,RandomProjection,464,0.0012346,ridge_mean_r2,0.0036245859826477965
PBMC,RandomProjection,464,0.0025982,ridge_mean_r2,0.013113936348741712
PBMC,RandomProjection,464,0.0054682,ridge_mean_r2,0.028732307836452017
PBMC,RandomProjection,464,0.0115083,ridge_mean_r2,0.0501949420642624
PBMC,RandomProjection,464,0.02422,ridge_mean_r2,0.07401474552555674
PBMC,RandomProjection,464,0.050973,ridge_mean_r2,0.09776558297724976
PBMC,RandomProjection,464,0.1072766,ridge_mean_r2,0.11650667470395659
PBMC,RandomProjection,464,0.225772,ridge_mean_r2,0.13276161741084394
PBMC,RandomProjection,464,0.4751547,ridge_mean_r2,0.14277659753238864
PBMC,RandomProjection,464,1.0,ridge_mean_r2,0.15148649228781003
PBMC,RandomProjection,1000,0.0012346,ridge_mean_r2,0.0036245859826477965
PBMC,RandomProjection,1000,0.0025982,ridge_mean_r2,0.013113936348741712
PBMC,RandomProjection,1000,0.0054682,ridge_mean_r2,0.028732307836452017
PBMC,RandomProjection,1000,0.0115083,ridge_mean_r2,0.0501949420642624
PBMC,RandomProjection,1000,0.02422,ridge_mean_r2,0.07401474552555674
PBMC,RandomProjection,1000,0.050973,ridge_mean_r2,0.09776558297724976
PBMC,RandomProjection,1000,0.1072766,ridge_mean_r2,0.11650667470395659
PBMC,RandomProjection,1000,0.225772,ridge_mean_r2,0.13276161741084394
PBMC,RandomProjection,1000,0.4751547,ridge_mean_r2,0.14277659753238864
PBMC,RandomProjection,1000,1.0,ridge_mean_r2,0.15148649228781003
PBMC,RandomProjection,2154,0.0012346,ridge_mean_r2,0.0036245859826477965
PBMC,RandomProjection,2154,0.0025982,ridge_mean_r2,0.013113936348741712
PBMC,RandomProjection,2154,0.0054682,ridge_mean_r2,0.028732307836452017
PBMC,RandomProjection,2154,0.0115083,ridge_mean_r2,0.0501949420642624
PBMC,RandomProjection,2154,0.02422,ridge_mean_r2,0.07401474552555674
PBMC,RandomProjection,2154,0.050973,ridge_mean_r2,0.09776558297724976
PBMC,RandomProjection,2154,0.1072766,ridge_mean_r2,0.11650667470395659
PBMC,RandomProjection,2154,0.225772,ridge_mean_r2,0.13276161741084394
PBMC,RandomProjection,2154,0.4751547,ridge_mean_r2,0.14277659753238864
PBMC,RandomProjection,2154,1.0,ridge_mean_r2,0.15148649228781003
PBMC,RandomProjection,4641,0.0012346,ridge_mean_r2,0.0036245859826477965
PBMC,RandomProjection,4641,0.0025982,ridge_mean_r2,0.013113936348741712
PBMC,RandomProjection,4641,0.0054682,ridge_mean_r2,0.028732307836452017
PBMC,RandomProjection,4641,0.0115083,ridge_mean_r2,0.0501949420642624
PBMC,RandomProjection,4641,0.02422,ridge_mean_r2,0.07401474552555674
PBMC,RandomProjection,4641,0.050973,ridge_mean_r2,0.09776558297724976
PBMC,RandomProjection,4641,0.1072766,ridge_mean_r2,0.11650667470395659
PBMC,RandomProjection,4641,0.225772,ridge_mean_r2,0.13276161741084394
PBMC,RandomProjection,4641,0.4751547,ridge_mean_r2,0.14277659753238864
PBMC,RandomProjection,4641,1.0,ridge_mean_r2,0.15148649228781003
PBMC,RandomProjection,10000,0.0012346,ridge_mean_r2,0.0036245859826477965
PBMC,RandomProjection,10000,0.0025982,ridge_mean_r2,0.013113936348741712
PBMC,RandomProjection,10000,0.0054682,ridge_mean_r2,0.028732307836452017
PBMC,RandomProjection,10000,0.0115083,ridge_mean_r2,0.0501949420642624
PBMC,RandomProjection,10000,0.02422,ridge_mean_r2,0.07401474552555674
PBMC,RandomProjection,10000,0.050973,ridge_mean_r2,0.09776558297724976
PBMC,RandomProjection,10000,0.1072766,ridge_mean_r2,0.11650667470395659
PBMC,RandomProjection,10000,0.225772,ridge_mean_r2,0.13276161741084394
PBMC,RandomProjection,10000,0.4751547,ridge_mean_r2,0.14277659753238864
PBMC,RandomProjection,10000,1.0,ridge_mean_r2,0.15148649228781003
PBMC,RandomProjection,21544,0.0012346,ridge_mean_r2,0.0036245859826477965
PBMC,RandomProjection,21544,0.0025982,ridge_mean_r2,0.013113936348741712
PBMC,RandomProjection,21544,0.0054682,ridge_mean_r2,0.028732307836452017
PBMC,RandomProjection,21544,0.0115083,ridge_mean_r2,0.0501949420642624
PBMC,RandomProjection,21544,0.02422,ridge_mean_r2,0.07401474552555674
PBMC,RandomProjection,21544,0.050973,ridge_mean_r2,0.09776558297724976
PBMC,RandomProjection,21544,0.1072766,ridge_mean_r2,0.11650667470395659
PBMC,RandomProjection,21544,0.225772,ridge_mean_r2,0.13276161741084394
PBMC,RandomProjection,21544,0.4751547,ridge_mean_r2,0.14277659753238864
PBMC,RandomProjection,21544,1.0,ridge_mean_r2,0.15148649228781003
PBMC,RandomProjection,46415,0.0012346,ridge_mean_r2,0.0036245859826477965
PBMC,RandomProjection,46415,0.0025982,ridge_mean_r2,0.013113936348741712
PBMC,RandomProjection,46415,0.0054682,ridge_mean_r2,0.028732307836452017
PBMC,RandomProjection,46415,0.0115083,ridge_mean_r2,0.0501949420642624
PBMC,RandomProjection,46415,0.02422,ridge_mean_r2,0.07401474552555674
PBMC,RandomProjection,46415,0.050973,ridge_mean_r2,0.09776558297724976
PBMC,RandomProjection,46415,0.1072766,ridge_mean_r2,0.11650667470395659
PBMC,RandomProjection,46415,0.225772,ridge_mean_r2,0.13276161741084394
PBMC,RandomProjection,46415,0.4751547,ridge_mean_r2,0.14277659753238864
PBMC,RandomProjection,46415,1.0,ridge_mean_r2,0.15148649228781003
PBMC,RandomProjection,100000,0.0012346,ridge_mean_r2,0.0036245859826477965
PBMC,RandomProjection,100000,0.0025982,ridge_mean_r2,0.013113936348741712
PBMC,RandomProjection,100000,0.0054682,ridge_mean_r2,0.028732307836452017
PBMC,RandomProjection,100000,0.0115083,ridge_mean_r2,0.0501949420642624
PBMC,RandomProjection,100000,0.02422,ridge_mean_r2,0.07401474552555674
PBMC,RandomProjection,100000,0.050973,ridge_mean_r2,0.09776558297724976
PBMC,RandomProjection,100000,0.1072766,ridge_mean_r2,0.11650667470395659
PBMC,RandomProjection,100000,0.225772,ridge_mean_r2,0.13276161741084394
PBMC,RandomProjection,100000,0.4751547,ridge_mean_r2,0.14277659753238864
PBMC,RandomProjection,100000,1.0,ridge_mean_r2,0.15148649228781003
PBMC,SCVI,100,0.0012346,ridge_mean_r2,0.020030840382496997
PBMC,SCVI,100,0.0025982,ridge_mean_r2,0.05391210197314519
PBMC,SCVI,100,0.0054682,ridge_mean_r2,0.08067318775482087
PBMC,SCVI,100,0.0115083,ridge_mean_r2,0.11263450322011281
PBMC,SCVI,100,0.02422,ridge_mean_r2,0.141960445314857
PBMC,SCVI,100,0.050973,ridge_mean_r2,0.15251615350355693
PBMC,SCVI,100,0.1072766,ridge_mean_r2,0.1763801362264001
PBMC,SCVI,100,0.225772,ridge_mean_r2,0.19901699046967863
PBMC,SCVI,100,0.4751547,ridge_mean_r2,0.21262141145077879
PBMC,SCVI,100,1.0,ridge_mean_r2,0.2278335744343199
PBMC,SCVI,215,0.0012346,ridge_mean_r2,0.02591443758001058
PBMC,SCVI,215,0.0025982,ridge_mean_r2,0.061035529474829604
PBMC,SCVI,215,0.0054682,ridge_mean_r2,0.0877538653795936
PBMC,SCVI,215,0.0115083,ridge_mean_r2,0.12271412715131763
PBMC,SCVI,215,0.02422,ridge_mean_r2,0.14651727753569518
PBMC,SCVI,215,0.050973,ridge_mean_r2,0.1577680126397174
PBMC,SCVI,215,0.1072766,ridge_mean_r2,0.19185687875757815
PBMC,SCVI,215,0.225772,ridge_mean_r2,0.21100028296702694
PBMC,SCVI,215,0.4751547,ridge_mean_r2,0.2227794486543653
PBMC,SCVI,215,1.0,ridge_mean_r2,0.23220314983481175
PBMC,SCVI,464,0.0012346,ridge_mean_r2,0.02286802195969464
PBMC,SCVI,464,0.0025982,ridge_mean_r2,0.06356177340574559
PBMC,SCVI,464,0.0054682,ridge_mean_r2,0.09952604709112065
PBMC,SCVI,464,0.0115083,ridge_mean_r2,0.13019730125995657
PBMC,SCVI,464,0.02422,ridge_mean_r2,0.14924129345470213
PBMC,SCVI,464,0.050973,ridge_mean_r2,0.1780950159347479
PBMC,SCVI,464,0.1072766,ridge_mean_r2,0.20824823983713822
PBMC,SCVI,464,0.225772,ridge_mean_r2,0.2180076743392112
PBMC,SCVI,464,0.4751547,ridge_mean_r2,0.2295001940562165
PBMC,SCVI,464,1.0,ridge_mean_r2,0.23704932647562904
PBMC,SCVI,1000,0.0012346,ridge_mean_r2,0.04231786660467998
PBMC,SCVI,1000,0.0025982,ridge_mean_r2,0.07837061804462646
PBMC,SCVI,1000,0.0054682,ridge_mean_r2,0.1045206824525467
PBMC,SCVI,1000,0.0115083,ridge_mean_r2,0.12839039953885287
PBMC,SCVI,1000,0.02422,ridge_mean_r2,0.15921379630741123
PBMC,SCVI,1000,0.050973,ridge_mean_r2,0.19130571406959018
PBMC,SCVI,1000,0.1072766,ridge_mean_r2,0.20847747194659116
PBMC,SCVI,1000,0.225772,ridge_mean_r2,0.22126158186691325
PBMC,SCVI,1000,0.4751547,ridge_mean_r2,0.231962657316107
PBMC,SCVI,1000,1.0,ridge_mean_r2,0.24332068648871488
PBMC,SCVI,2154,0.0012346,ridge_mean_r2,0.04757533381621567
PBMC,SCVI,2154,0.0025982,ridge_mean_r2,0.08755628943278516
PBMC,SCVI,2154,0.0054682,ridge_mean_r2,0.11272703309171096
PBMC,SCVI,2154,0.0115083,ridge_mean_r2,0.14274965330171802
PBMC,SCVI,2154,0.02422,ridge_mean_r2,0.172922732522426
PBMC,SCVI,2154,0.050973,ridge_mean_r2,0.2081621517717133
PBMC,SCVI,2154,0.1072766,ridge_mean_r2,0.22430002311505567
PBMC,SCVI,2154,0.225772,ridge_mean_r2,0.22450167548102695
PBMC,SCVI,2154,0.4751547,ridge_mean_r2,0.2342279813195415
PBMC,SCVI,2154,1.0,ridge_mean_r2,0.24200105411895986
PBMC,SCVI,4641,0.0012346,ridge_mean_r2,0.05779738188075683
PBMC,SCVI,4641,0.0025982,ridge_mean_r2,0.09190834654987154
PBMC,SCVI,4641,0.0054682,ridge_mean_r2,0.12282393804355514
PBMC,SCVI,4641,0.0115083,ridge_mean_r2,0.1561538859024124
PBMC,SCVI,4641,0.02422,ridge_mean_r2,0.18309472283756453
PBMC,SCVI,4641,0.050973,ridge_mean_r2,0.216048496763683
PBMC,SCVI,4641,0.1072766,ridge_mean_r2,0.2355803161683725
PBMC,SCVI,4641,0.225772,ridge_mean_r2,0.25978523319344704
PBMC,SCVI,4641,0.4751547,ridge_mean_r2,0.25366818299557486
PBMC,SCVI,4641,1.0,ridge_mean_r2,0.26455614256886356
PBMC,SCVI,10000,0.0012346,ridge_mean_r2,0.06675560733355396
PBMC,SCVI,10000,0.0025982,ridge_mean_r2,0.10213959247724021
PBMC,SCVI,10000,0.0054682,ridge_mean_r2,0.1312437084529059
PBMC,SCVI,10000,0.0115083,ridge_mean_r2,0.16229293298045638
PBMC,SCVI,10000,0.02422,ridge_mean_r2,0.19135781176454392
PBMC,SCVI,10000,0.050973,ridge_mean_r2,0.21948543185487865
PBMC,SCVI,10000,0.1072766,ridge_mean_r2,0.23794886575978857
PBMC,SCVI,10000,0.225772,ridge_mean_r2,0.26891806349825315
PBMC,SCVI,10000,0.4751547,ridge_mean_r2,0.25182597456024386
PBMC,SCVI,10000,1.0,ridge_mean_r2,0.28150372022935455
PBMC,SCVI,21544,0.0012346,ridge_mean_r2,0.07302611604179576
PBMC,SCVI,21544,0.0025982,ridge_mean_r2,0.1075075027561879
PBMC,SCVI,21544,0.0054682,ridge_mean_r2,0.13757280715328124
PBMC,SCVI,21544,0.0115083,ridge_mean_r2,0.17306399750100354
PBMC,SCVI,21544,0.02422,ridge_mean_r2,0.19965235306266169
PBMC,SCVI,21544,0.050973,ridge_mean_r2,0.22019743946997683
PBMC,SCVI,21544,0.1072766,ridge_mean_r2,0.24533513650993582
PBMC,SCVI,21544,0.225772,ridge_mean_r2,0.2546136617591869
PBMC,SCVI,21544,0.4751547,ridge_mean_r2,0.27219051346400347
PBMC,SCVI,21544,1.0,ridge_mean_r2,0.26950673929057445
PBMC,SCVI,46415,0.0012346,ridge_mean_r2,0.0802081118354925
PBMC,SCVI,46415,0.0025982,ridge_mean_r2,0.11123243068598809
PBMC,SCVI,46415,0.0054682,ridge_mean_r2,0.14397004567993593
PBMC,SCVI,46415,0.0115083,ridge_mean_r2,0.17598400573281303
PBMC,SCVI,46415,0.02422,ridge_mean_r2,0.19934588996794075
PBMC,SCVI,46415,0.050973,ridge_mean_r2,0.21975853488987623
PBMC,SCVI,46415,0.1072766,ridge_mean_r2,0.23937948955504793
PBMC,SCVI,46415,0.225772,ridge_mean_r2,0.2528565041278299
PBMC,SCVI,46415,0.4751547,ridge_mean_r2,0.2639106144432508
PBMC,SCVI,46415,1.0,ridge_mean_r2,0.2742651130454722
PBMC,SCVI,100000,0.0012346,ridge_mean_r2,0.08450580435822799
PBMC,SCVI,100000,0.0025982,ridge_mean_r2,0.11876859472962889
PBMC,SCVI,100000,0.0054682,ridge_mean_r2,0.14842376526502463
PBMC,SCVI,100000,0.0115083,ridge_mean_r2,0.18154119405556912
PBMC,SCVI,100000,0.02422,ridge_mean_r2,0.2061705372837991
PBMC,SCVI,100000,0.050973,ridge_mean_r2,0.22566664897608274
PBMC,SCVI,100000,0.1072766,ridge_mean_r2,0.2410037743664179
PBMC,SCVI,100000,0.225772,ridge_mean_r2,0.2550150291950576
PBMC,SCVI,100000,0.4751547,ridge_mean_r2,0.2625379787023485
PBMC,SCVI,100000,1.0,ridge_mean_r2,0.2718177103878324
PBMC,State,100,0.0012346,ridge_mean_r2,0.004037886023929395
PBMC,State,100,0.0025982,ridge_mean_r2,0.008800351629548488
PBMC,State,100,0.0054682,ridge_mean_r2,0.049910315378810036
PBMC,State,100,0.0115083,ridge_mean_r2,0.017813185405042998
PBMC,State,100,0.02422,ridge_mean_r2,0.0800639608006904
PBMC,State,100,0.050973,ridge_mean_r2,0.1564858810475406
PBMC,State,100,0.1072766,ridge_mean_r2,0.03391773402290208
PBMC,State,100,0.225772,ridge_mean_r2,0.17572766942193474
PBMC,State,100,0.4751547,ridge_mean_r2,0.21746718830079828
PBMC,State,100,1.0,ridge_mean_r2,0.21149877324443583
PBMC,State,215,0.0012346,ridge_mean_r2,0.0026746180393706276
PBMC,State,215,0.0025982,ridge_mean_r2,0.012009462037433978
PBMC,State,215,0.0054682,ridge_mean_r2,0.003840640908562338
PBMC,State,215,0.0115083,ridge_mean_r2,3.129168524722467e-05
PBMC,State,215,0.02422,ridge_mean_r2,0.10224359405858392
PBMC,State,215,0.050973,ridge_mean_r2,0.054572480597090085
PBMC,State,215,0.1072766,ridge_mean_r2,0.1670079043110607
PBMC,State,215,0.225772,ridge_mean_r2,0.18306691754697862
PBMC,State,215,0.4751547,ridge_mean_r2,0.2507617081344316
PBMC,State,215,1.0,ridge_mean_r2,0.23974521631446158
PBMC,State,464,0.0012346,ridge_mean_r2,0.0030296653752050107
PBMC,State,464,0.0025982,ridge_mean_r2,0.03947247112770437
PBMC,State,464,0.0054682,ridge_mean_r2,0.01927721551378207
PBMC,State,464,0.0115083,ridge_mean_r2,0.01249222046077814
PBMC,State,464,0.02422,ridge_mean_r2,0.1336851889724804
PBMC,State,464,0.050973,ridge_mean_r2,0.18831867996190815
PBMC,State,464,0.1072766,ridge_mean_r2,0.22955882920174397
PBMC,State,464,0.225772,ridge_mean_r2,0.23456917494419754
PBMC,State,464,0.4751547,ridge_mean_r2,0.25446331993009297
PBMC,State,464,1.0,ridge_mean_r2,0.2626130364292053
PBMC,State,1000,0.0012346,ridge_mean_r2,0.011861343546193719
PBMC,State,1000,0.0025982,ridge_mean_r2,0.00038165980759734193
PBMC,State,1000,0.0054682,ridge_mean_r2,0.056079979083943896
PBMC,State,1000,0.0115083,ridge_mean_r2,0.1206785287381612
PBMC,State,1000,0.02422,ridge_mean_r2,0.14902097866725786
PBMC,State,1000,0.050973,ridge_mean_r2,0.17300377199450298
PBMC,State,1000,0.1072766,ridge_mean_r2,0.24775708924538486
PBMC,State,1000,0.225772,ridge_mean_r2,0.2520866458866341
PBMC,State,1000,0.4751547,ridge_mean_r2,0.26498761645512986
PBMC,State,1000,1.0,ridge_mean_r2,0.2577939343018469
PBMC,State,2154,0.0012346,ridge_mean_r2,-0.0005285883106166472
PBMC,State,2154,0.0025982,ridge_mean_r2,0.0330351528411169
PBMC,State,2154,0.0054682,ridge_mean_r2,0.09914195361380176
PBMC,State,2154,0.0115083,ridge_mean_r2,0.13576726564723415
PBMC,State,2154,0.02422,ridge_mean_r2,0.17520190154763762
PBMC,State,2154,0.050973,ridge_mean_r2,0.20972786949846708
PBMC,State,2154,0.1072766,ridge_mean_r2,0.24425867431366663
PBMC,State,2154,0.225772,ridge_mean_r2,0.2609084120089699
PBMC,State,2154,0.4751547,ridge_mean_r2,0.26274684758156064
PBMC,State,2154,1.0,ridge_mean_r2,0.2399273877497964
PBMC,State,4641,0.0012346,ridge_mean_r2,0.01891959578319903
PBMC,State,4641,0.0025982,ridge_mean_r2,0.048150006421372245
PBMC,State,4641,0.0054682,ridge_mean_r2,0.11169428521401506
PBMC,State,4641,0.0115083,ridge_mean_r2,0.15538589166642006
PBMC,State,4641,0.02422,ridge_mean_r2,0.17676376853613632
PBMC,State,4641,0.050973,ridge_mean_r2,0.21904517563480208
PBMC,State,4641,0.1072766,ridge_mean_r2,0.24214914605235693
PBMC,State,4641,0.225772,ridge_mean_r2,0.2601449568473521
PBMC,State,4641,0.4751547,ridge_mean_r2,0.274221420017495
PBMC,State,4641,1.0,ridge_mean_r2,0.2713330189681623
PBMC,State,10000,0.0012346,ridge_mean_r2,0.014942764395522784
PBMC,State,10000,0.0025982,ridge_mean_r2,0.07676455710688303
PBMC,State,10000,0.0054682,ridge_mean_r2,0.11696071322006425
PBMC,State,10000,0.0115083,ridge_mean_r2,0.1563167947230253
PBMC,State,10000,0.02422,ridge_mean_r2,0.182121266773532
PBMC,State,10000,0.050973,ridge_mean_r2,0.21642184612711834
PBMC,State,10000,0.1072766,ridge_mean_r2,0.23546214666396492
PBMC,State,10000,0.225772,ridge_mean_r2,0.2559375370474769
PBMC,State,10000,0.4751547,ridge_mean_r2,0.26433697431922915
PBMC,State,10000,1.0,ridge_mean_r2,0.27186899344101795
PBMC,State,21544,0.0012346,ridge_mean_r2,0.02096460361213092
PBMC,State,21544,0.0025982,ridge_mean_r2,0.0758925706574329
PBMC,State,21544,0.0054682,ridge_mean_r2,0.11388264653574305
PBMC,State,21544,0.0115083,ridge_mean_r2,0.1609973170235065
PBMC,State,21544,0.02422,ridge_mean_r2,0.18255001024653697
PBMC,State,21544,0.050973,ridge_mean_r2,0.2252481118282281
PBMC,State,21544,0.1072766,ridge_mean_r2,0.24934798011125778
PBMC,State,21544,0.225772,ridge_mean_r2,0.26746457154668024
PBMC,State,21544,0.4751547,ridge_mean_r2,0.2552876414165614
PBMC,State,21544,1.0,ridge_mean_r2,0.2617523523110394
PBMC,State,46415,0.0012346,ridge_mean_r2,0.03051772387532958
PBMC,State,46415,0.0025982,ridge_mean_r2,-0.0002682425693998163
PBMC,State,46415,0.0054682,ridge_mean_r2,0.11706579875070681
PBMC,State,46415,0.0115083,ridge_mean_r2,0.16042733732196393
PBMC,State,46415,0.02422,ridge_mean_r2,0.19606270725611505
PBMC,State,46415,0.050973,ridge_mean_r2,0.21985452483352658
PBMC,State,46415,0.1072766,ridge_mean_r2,0.24909144564011332
PBMC,State,46415,0.225772,ridge_mean_r2,0.2603607992085983
PBMC,State,46415,0.4751547,ridge_mean_r2,0.26392675507752245
PBMC,State,46415,1.0,ridge_mean_r2,0.26674699446430294
PBMC,State,100000,0.0012346,ridge_mean_r2,0.014698058187718497
PBMC,State,100000,0.0025982,ridge_mean_r2,0.06735405367129053
PBMC,State,100000,0.0054682,ridge_mean_r2,0.12368520455019189
PBMC,State,100000,0.0115083,ridge_mean_r2,0.16080290089585897
PBMC,State,100000,0.02422,ridge_mean_r2,0.1882319764493556
PBMC,State,100000,0.050973,ridge_mean_r2,0.2248721587306582
PBMC,State,100000,0.1072766,ridge_mean_r2,0.2518930064087955
PBMC,State,100000,0.225772,ridge_mean_r2,0.24432372426572305
PBMC,State,100000,0.4751547,ridge_mean_r2,0.2681047506054224
PBMC,State,100000,1.0,ridge_mean_r2,0.2629712270294664
shendure,Geneformer,100,0.004,logreg_accuracy,0.17514819371434961
shendure,Geneformer,100,0.0073875,logreg_accuracy,0.17552245442418854
shendure,Geneformer,100,0.0136438,logreg_accuracy,0.17933333333333334
shendure,Geneformer,100,0.0251984,logreg_accuracy,0.1968888888888889
shendure,Geneformer,100,0.0465384,logreg_accuracy,0.2048888888888889
shendure,Geneformer,100,0.0859506,logreg_accuracy,0.21855555555555556
shendure,Geneformer,100,0.1587401,logreg_accuracy,0.22611111111111112
shendure,Geneformer,100,0.2931733,logreg_accuracy,0.22844444444444445
shendure,Geneformer,100,0.5414548,logreg_accuracy,0.22455555555555556
shendure,Geneformer,100,1.0,logreg_accuracy,0.23022222222222222
shendure,Geneformer,359,0.004,logreg_accuracy,0.16810200201319764
shendure,Geneformer,359,0.0073875,logreg_accuracy,0.16396176078257002
shendure,Geneformer,359,0.0136438,logreg_accuracy,0.18233333333333332
shendure,Geneformer,359,0.0251984,logreg_accuracy,0.19677777777777777
shendure,Geneformer,359,0.0465384,logreg_accuracy,0.225
shendure,Geneformer,359,0.0859506,logreg_accuracy,0.23833333333333334
shendure,Geneformer,359,0.1587401,logreg_accuracy,0.24855555555555556
shendure,Geneformer,359,0.2931733,logreg_accuracy,0.22377777777777777
shendure,Geneformer,359,0.5414548,logreg_accuracy,0.2627777777777778
shendure,Geneformer,359,1.0,logreg_accuracy,0.26911111111111113
shendure,Geneformer,1291,0.004,logreg_accuracy,0.16977966670394812
shendure,Geneformer,1291,0.0073875,logreg_accuracy,0.1695197865718097
shendure,Geneformer,1291,0.0136438,logreg_accuracy,0.18733333333333332
shendure,Geneformer,1291,0.0251984,logreg_accuracy,0.19922222222222222
shendure,Geneformer,1291,0.0465384,logreg_accuracy,0.23066666666666666
shendure,Geneformer,1291,0.0859506,logreg_accuracy,0.24955555555555556
shendure,Geneformer,1291,0.1587401,logreg_accuracy,0.26455555555555554
shendure,Geneformer,1291,0.2931733,logreg_accuracy,0.2742222222222222
shendure,Geneformer,1291,0.5414548,logreg_accuracy,0.2882222222222222
shendure,Geneformer,1291,1.0,logreg_accuracy,0.21877777777777777
shendure,Geneformer,4641,0.004,logreg_accuracy,0.16642433732244716
shendure,Geneformer,4641,0.0073875,logreg_accuracy,0.17341040462427745
shendure,Geneformer,4641,0.0136438,logreg_accuracy,0.18633333333333332
shendure,Geneformer,4641,0.0251984,logreg_accuracy,0.21877777777777777
shendure,Geneformer,4641,0.0465384,logreg_accuracy,0.24444444444444444
shendure,Geneformer,4641,0.0859506,logreg_accuracy,0.2577777777777778
shendure,Geneformer,4641,0.1587401,logreg_accuracy,0.2732222222222222
shendure,Geneformer,4641,0.2931733,logreg_accuracy,0.303
shendure,Geneformer,4641,0.5414548,logreg_accuracy,0.31455555555555553
shendure,Geneformer,4641,1.0,logreg_accuracy,0.3453333333333333
shendure,Geneformer,16681,0.004,logreg_accuracy,0.1769377027178168
shendure,Geneformer,16681,0.0073875,logreg_accuracy,0.18808359270787017
shendure,Geneformer,16681,0.0136438,logreg_accuracy,0.20522222222222222
shendure,Geneformer,16681,0.0251984,logreg_accuracy,0.2381111111111111
shendure,Geneformer,16681,0.0465384,logreg_accuracy,0.226
shendure,Geneformer,16681,0.0859506,logreg_accuracy,0.233
shendure,Geneformer,16681,0.1587401,logreg_accuracy,0.24566666666666667
shendure,Geneformer,16681,0.2931733,logreg_accuracy,0.32866666666666666
shendure,Geneformer,16681,0.5414548,logreg_accuracy,0.3473333333333333
shendure,Geneformer,16681,1.0,logreg_accuracy,0.2847777777777778
shendure,Geneformer,59948,0.004,logreg_accuracy,0.19226037356000447
shendure,Geneformer,59948,0.0073875,logreg_accuracy,0.19519786571809694
shendure,Geneformer,59948,0.0136438,logreg_accuracy,0.21888888888888888
shendure,Geneformer,59948,0.0251984,logreg_accuracy,0.2461111111111111
shendure,Geneformer,59948,0.0465384,logreg_accuracy,0.25366666666666665
shendure,Geneformer,59948,0.0859506,logreg_accuracy,0.28855555555555557
shendure,Geneformer,59948,0.1587401,logreg_accuracy,0.27244444444444443
shendure,Geneformer,59948,0.2931733,logreg_accuracy,0.29244444444444445
shendure,Geneformer,59948,0.5414548,logreg_accuracy,0.3665555555555556
shendure,Geneformer,59948,1.0,logreg_accuracy,0.3457777777777778
shendure,Geneformer,215443,0.004,logreg_accuracy,0.19337881668717147
shendure,Geneformer,215443,0.0073875,logreg_accuracy,0.20131169408626057
shendure,Geneformer,215443,0.0136438,logreg_accuracy,0.22
shendure,Geneformer,215443,0.0251984,logreg_accuracy,0.25277777777777777
shendure,Geneformer,215443,0.0465384,logreg_accuracy,0.27055555555555555
shendure,Geneformer,215443,0.0859506,logreg_accuracy,0.2907777777777778
shendure,Geneformer,215443,0.1587401,logreg_accuracy,0.32466666666666666
shendure,Geneformer,215443,0.2931733,logreg_accuracy,0.3473333333333333
shendure,Geneformer,215443,0.5414548,logreg_accuracy,0.35755555555555557
shendure,Geneformer,215443,1.0,logreg_accuracy,0.38755555555555554
shendure,Geneformer,774263,0.004,logreg_accuracy,0.19315512806173807
shendure,Geneformer,774263,0.0073875,logreg_accuracy,0.2040907069808804
shendure,Geneformer,774263,0.0136438,logreg_accuracy,0.22944444444444445
shendure,Geneformer,774263,0.0251984,logreg_accuracy,0.2577777777777778
shendure,Geneformer,774263,0.0465384,logreg_accuracy,0.2862222222222222
shendure,Geneformer,774263,0.0859506,logreg_accuracy,0.29655555555555557
shendure,Geneformer,774263,0.1587401,logreg_accuracy,0.3403333333333333
shendure,Geneformer,774263,0.2931733,logreg_accuracy,0.36377777777777776
shendure,Geneformer,774263,0.5414548,logreg_accuracy,0.3701111111111111
shendure,Geneformer,774263,1.0,logreg_accuracy,0.36822222222222223
shendure,Geneformer,2782559,0.004,logreg_accuracy,0.18678000223688626
shendure,Geneformer,2782559,0.0073875,logreg_accuracy,0.20664739884393063
shendure,Geneformer,2782559,0.0136438,logreg_accuracy,0.22188888888888889
shendure,Geneformer,2782559,0.0251984,logreg_accuracy,0.253
shendure,Geneformer,2782559,0.0465384,logreg_accuracy,0.2911111111111111
shendure,Geneformer,2782559,0.0859506,logreg_accuracy,0.29188888888888886
shendure,Geneformer,2782559,0.1587401,logreg_accuracy,0.31955555555555554
shendure,Geneformer,2782559,0.2931733,logreg_accuracy,0.356
shendure,Geneformer,2782559,0.5414548,logreg_accuracy,0.3516666666666667
shendure,Geneformer,2782559,1.0,logreg_accuracy,0.37744444444444447
shendure,Geneformer,10000000,0.004,logreg_accuracy,0.19449725981433844
shendure,Geneformer,10000000,0.0073875,logreg_accuracy,0.20397954646509558
shendure,Geneformer,10000000,0.0136438,logreg_accuracy,0.22655555555555557
shendure,Geneformer,10000000,0.0251984,logreg_accuracy,0.25055555555555553
shendure,Geneformer,10000000,0.0465384,logreg_accuracy,0.29033333333333333
shendure,Geneformer,10000000,0.0859506,logreg_accuracy,0.3028888888888889
shendure,Geneformer,10000000,0.1587401,logreg_accuracy,0.3333333333333333
shendure,Geneformer,10000000,0.2931733,logreg_accuracy,0.35744444444444445
shendure,Geneformer,10000000,0.5414548,logreg_accuracy,0.36844444444444446
shendure,Geneformer,10000000,1.0,logreg_accuracy,0.35833333333333334
shendure,PCA,100,0.004,logreg_accuracy,0.17738507996868358
shendure,PCA,100,0.0073875,logreg_accuracy,0.18141396176078256
shendure,PCA,100,0.0136438,logreg_accuracy,0.181
shendure,PCA,100,0.0251984,logreg_accuracy,0.18133333333333335
shendure,PCA,100,0.0465384,logreg_accuracy,0.18122222222222223
shendure,PCA,100,0.0859506,logreg_accuracy,0.18511111111111112
shendure,PCA,100,0.1587401,logreg_accuracy,0.19277777777777777
shendure,PCA,100,0.2931733,logreg_accuracy,0.20422222222222222
shendure,PCA,100,0.5414548,logreg_accuracy,0.21655555555555556
shendure,PCA,100,1.0,logreg_accuracy,0.22777777777777777
shendure,PCA,359,0.004,logreg_accuracy,0.17649032546695
shendure,PCA,359,0.0073875,logreg_accuracy,0.1825255669186305
shendure,PCA,359,0.0136438,logreg_accuracy,0.1797777777777778
shendure,PCA,359,0.0251984,logreg_accuracy,0.18088888888888888
shendure,PCA,359,0.0465384,logreg_accuracy,0.17944444444444443
shendure,PCA,359,0.0859506,logreg_accuracy,0.18777777777777777
shendure,PCA,359,0.1587401,logreg_accuracy,0.19233333333333333
shendure,PCA,359,0.2931733,logreg_accuracy,0.205
shendure,PCA,359,0.5414548,logreg_accuracy,0.22033333333333333
shendure,PCA,359,1.0,logreg_accuracy,0.23222222222222222
shendure,PCA,1291,0.004,logreg_accuracy,0.1770495470305335
shendure,PCA,1291,0.0073875,logreg_accuracy,0.18230324588706093
shendure,PCA,1291,0.0136438,logreg_accuracy,0.1807777777777778
shendure,PCA,1291,0.0251984,logreg_accuracy,0.181
shendure,PCA,1291,0.0465384,logreg_accuracy,0.17944444444444443
shendure,PCA,1291,0.0859506,logreg_accuracy,0.18355555555555556
shendure,PCA,1291,0.1587401,logreg_accuracy,0.1942222222222222
shendure,PCA,1291,0.2931733,logreg_accuracy,0.20477777777777778
shendure,PCA,1291,0.5414548,logreg_accuracy,0.21788888888888888
shendure,PCA,1291,1.0,logreg_accuracy,0.23155555555555554
shendure,PCA,4641,0.004,logreg_accuracy,0.1767140140923834
shendure,PCA,4641,0.0073875,logreg_accuracy,0.18208092485549132
shendure,PCA,4641,0.0136438,logreg_accuracy,0.18055555555555555
shendure,PCA,4641,0.0251984,logreg_accuracy,0.181
shendure,PCA,4641,0.0465384,logreg_accuracy,0.18188888888888888
shendure,PCA,4641,0.0859506,logreg_accuracy,0.19088888888888889
shendure,PCA,4641,0.1587401,logreg_accuracy,0.19822222222222222
shendure,PCA,4641,0.2931733,logreg_accuracy,0.21566666666666667
shendure,PCA,4641,0.5414548,logreg_accuracy,0.2248888888888889
shendure,PCA,4641,1.0,logreg_accuracy,0.24255555555555555
shendure,PCA,16681,0.004,logreg_accuracy,0.1768258584051001
shendure,PCA,16681,0.0073875,logreg_accuracy,0.18196976433970655
shendure,PCA,16681,0.0136438,logreg_accuracy,0.1811111111111111
shendure,PCA,16681,0.0251984,logreg_accuracy,0.18055555555555555
shendure,PCA,16681,0.0465384,logreg_accuracy,0.18122222222222223
shendure,PCA,16681,0.0859506,logreg_accuracy,0.18944444444444444
shendure,PCA,16681,0.1587401,logreg_accuracy,0.1988888888888889
shendure,PCA,16681,0.2931733,logreg_accuracy,0.21855555555555556
shendure,PCA,16681,0.5414548,logreg_accuracy,0.23155555555555554
shendure,PCA,16681,1.0,logreg_accuracy,0.24788888888888888
shendure,PCA,59948,0.004,logreg_accuracy,0.1766021697796667
shendure,PCA,59948,0.0073875,logreg_accuracy,0.18208092485549132
shendure,PCA,59948,0.0136438,logreg_accuracy,0.18044444444444444
shendure,PCA,59948,0.0251984,logreg_accuracy,0.18
shendure,PCA,59948,0.0465384,logreg_accuracy,0.1801111111111111
shendure,PCA,59948,0.0859506,logreg_accuracy,0.187
shendure,PCA,59948,0.1587401,logreg_accuracy,0.19855555555555557
shendure,PCA,59948,0.2931733,logreg_accuracy,0.21533333333333332
shendure,PCA,59948,0.5414548,logreg_accuracy,0.23066666666666666
shendure,PCA,59948,1.0,logreg_accuracy,0.24688888888888888
shendure,PCA,215443,0.004,logreg_accuracy,0.17649032546695
shendure,PCA,215443,0.0073875,logreg_accuracy,0.18208092485549132
shendure,PCA,215443,0.0136438,logreg_accuracy,0.18055555555555555
shendure,PCA,215443,0.0251984,logreg_accuracy,0.18033333333333335
shendure,PCA,215443,0.0465384,logreg_accuracy,0.18044444444444444
shendure,PCA,215443,0.0859506,logreg_accuracy,0.18755555555555556
shendure,PCA,215443,0.1587401,logreg_accuracy,0.19822222222222222
shendure,PCA,215443,0.2931733,logreg_accuracy,0.21633333333333332
shendure,PCA,215443,0.5414548,logreg_accuracy,0.22955555555555557
shendure,PCA,215443,1.0,logreg_accuracy,0.247
shendure,PCA,774263,0.004,logreg_accuracy,0.1767140140923834
shendure,PCA,774263,0.0073875,logreg_accuracy,0.18196976433970655
shendure,PCA,774263,0.0136438,logreg_accuracy,0.1811111111111111
shendure,PCA,774263,0.0251984,logreg_accuracy,0.18044444444444444
shendure,PCA,774263,0.0465384,logreg_accuracy,0.18088888888888888
shendure,PCA,774263,0.0859506,logreg_accuracy,0.18777777777777777
shendure,PCA,774263,0.1587401,logreg_accuracy,0.1981111111111111
shendure,PCA,774263,0.2931733,logreg_accuracy,0.21522222222222223
shendure,PCA,774263,0.5414548,logreg_accuracy,0.23066666666666666
shendure,PCA,774263,1.0,logreg_accuracy,0.24744444444444444
shendure,PCA,2782559,0.004,logreg_accuracy,0.1769377027178168
shendure,PCA,2782559,0.0073875,logreg_accuracy,0.18196976433970655
shendure,PCA,2782559,0.0136438,logreg_accuracy,0.18022222222222223
shendure,PCA,2782559,0.0251984,logreg_accuracy,0.18033333333333335
shendure,PCA,2782559,0.0465384,logreg_accuracy,0.18055555555555555
shendure,PCA,2782559,0.0859506,logreg_accuracy,0.188
shendure,PCA,2782559,0.1587401,logreg_accuracy,0.19855555555555557
shendure,PCA,2782559,0.2931733,logreg_accuracy,0.21588888888888888
shendure,PCA,2782559,0.5414548,logreg_accuracy,0.2301111111111111
shendure,PCA,2782559,1.0,logreg_accuracy,0.24666666666666667
shendure,PCA,10000000,0.004,logreg_accuracy,0.1769377027178168
shendure,PCA,10000000,0.0073875,logreg_accuracy,0.18196976433970655
shendure,PCA,10000000,0.0136438,logreg_accuracy,0.1801111111111111
shendure,PCA,10000000,0.0251984,logreg_accuracy,0.18033333333333335
shendure,PCA,10000000,0.0465384,logreg_accuracy,0.18044444444444444
shendure,PCA,10000000,0.0859506,logreg_accuracy,0.18833333333333332
shendure,PCA,10000000,0.1587401,logreg_accuracy,0.1981111111111111
shendure,PCA,10000000,0.2931733,logreg_accuracy,0.21533333333333332
shendure,PCA,10000000,0.5414548,logreg_accuracy,0.23
shendure,PCA,10000000,1.0,logreg_accuracy,0.2467777777777778
shendure,RandomProjection,100,0.004,logreg_accuracy,0.17738507996868358
shendure,RandomProjection,100,0.0073875,logreg_accuracy,0.18285904846598489
shendure,RandomProjection,100,0.0136438,logreg_accuracy,0.1811111111111111
shendure,RandomProjection,100,0.0251984,logreg_accuracy,0.182
shendure,RandomProjection,100,0.0465384,logreg_accuracy,0.18444444444444444
shendure,RandomProjection,100,0.0859506,logreg_accuracy,0.187
shendure,RandomProjection,100,0.1587401,logreg_accuracy,0.1902222222222222
shendure,RandomProjection,100,0.2931733,logreg_accuracy,0.19444444444444445
shendure,RandomProjection,100,0.5414548,logreg_accuracy,0.19855555555555557
shendure,RandomProjection,100,1.0,logreg_accuracy,0.19944444444444445
shendure,RandomProjection,359,0.004,logreg_accuracy,0.17738507996868358
shendure,RandomProjection,359,0.0073875,logreg_accuracy,0.18285904846598489
shendure,RandomProjection,359,0.0136438,logreg_accuracy,0.1811111111111111
shendure,RandomProjection,359,0.0251984,logreg_accuracy,0.182
shendure,RandomProjection,359,0.0465384,logreg_accuracy,0.18444444444444444
shendure,RandomProjection,359,0.0859506,logreg_accuracy,0.187
shendure,RandomProjection,359,0.1587401,logreg_accuracy,0.1902222222222222
shendure,RandomProjection,359,0.2931733,logreg_accuracy,0.19444444444444445
shendure,RandomProjection,359,0.5414548,logreg_accuracy,0.19855555555555557
shendure,RandomProjection,359,1.0,logreg_accuracy,0.19944444444444445
shendure,RandomProjection,1291,0.004,logreg_accuracy,0.17738507996868358
shendure,RandomProjection,1291,0.0073875,logreg_accuracy,0.18285904846598489
shendure,RandomProjection,1291,0.0136438,logreg_accuracy,0.1811111111111111
shendure,RandomProjection,1291,0.0251984,logreg_accuracy,0.182
shendure,RandomProjection,1291,0.0465384,logreg_accuracy,0.18444444444444444
shendure,RandomProjection,1291,0.0859506,logreg_accuracy,0.187
shendure,RandomProjection,1291,0.1587401,logreg_accuracy,0.1902222222222222
shendure,RandomProjection,1291,0.2931733,logreg_accuracy,0.19444444444444445
shendure,RandomProjection,1291,0.5414548,logreg_accuracy,0.19855555555555557
shendure,RandomProjection,1291,1.0,logreg_accuracy,0.19944444444444445
shendure,RandomProjection,4641,0.004,logreg_accuracy,0.17738507996868358
shendure,RandomProjection,4641,0.0073875,logreg_accuracy,0.18285904846598489
shendure,RandomProjection,4641,0.0136438,logreg_accuracy,0.1811111111111111
shendure,RandomProjection,4641,0.0251984,logreg_accuracy,0.182
shendure,RandomProjection,4641,0.0465384,logreg_accuracy,0.18444444444444444
shendure,RandomProjection,4641,0.0859506,logreg_accuracy,0.187
shendure,RandomProjection,4641,0.1587401,logreg_accuracy,0.1902222222222222
shendure,RandomProjection,4641,0.2931733,logreg_accuracy,0.19444444444444445
shendure,RandomProjection,4641,0.5414548,logreg_accuracy,0.19855555555555557
shendure,RandomProjection,4641,1.0,logreg_accuracy,0.19944444444444445
shendure,RandomProjection,16681,0.004,logreg_accuracy,0.17738507996868358
shendure,RandomProjection,16681,0.0073875,logreg_accuracy,0.18285904846598489
shendure,RandomProjection,16681,0.0136438,logreg_accuracy,0.1811111111111111
shendure,RandomProjection,16681,0.0251984,logreg_accuracy,0.182
shendure,RandomProjection,16681,0.0465384,logreg_accuracy,0.18444444444444444
shendure,RandomProjection,16681,0.0859506,logreg_accuracy,0.187
shendure,RandomProjection,16681,0.1587401,logreg_accuracy,0.1902222222222222
shendure,RandomProjection,16681,0.2931733,logreg_accuracy,0.19444444444444445
shendure,RandomProjection,16681,0.5414548,logreg_accuracy,0.19855555555555557
shendure,RandomProjection,16681,1.0,logreg_accuracy,0.19944444444444445
shendure,RandomProjection,59948,0.004,logreg_accuracy,0.17738507996868358
shendure,RandomProjection,59948,0.0073875,logreg_accuracy,0.18285904846598489
shendure,RandomProjection,59948,0.0136438,logreg_accuracy,0.1811111111111111
shendure,RandomProjection,59948,0.0251984,logreg_accuracy,0.182
shendure,RandomProjection,59948,0.0465384,logreg_accuracy,0.18444444444444444
shendure,RandomProjection,59948,0.0859506,logreg_accuracy,0.187
shendure,RandomProjection,59948,0.1587401,logreg_accuracy,0.1902222222222222
shendure,RandomProjection,59948,0.2931733,logreg_accuracy,0.19444444444444445
shendure,RandomProjection,59948,0.5414548,logreg_accuracy,0.19855555555555557
shendure,RandomProjection,59948,1.0,logreg_accuracy,0.19944444444444445
shendure,RandomProjection,215443,0.004,logreg_accuracy,0.17738507996868358
shendure,RandomProjection,215443,0.0073875,logreg_accuracy,0.18285904846598489
shendure,RandomProjection,215443,0.0136438,logreg_accuracy,0.1811111111111111
shendure,RandomProjection,215443,0.0251984,logreg_accuracy,0.182
shendure,RandomProjection,215443,0.0465384,logreg_accuracy,0.18444444444444444
shendure,RandomProjection,215443,0.0859506,logreg_accuracy,0.187
shendure,RandomProjection,215443,0.1587401,logreg_accuracy,0.1902222222222222
shendure,RandomProjection,215443,0.2931733,logreg_accuracy,0.19444444444444445
shendure,RandomProjection,215443,0.5414548,logreg_accuracy,0.19855555555555557
shendure,RandomProjection,215443,1.0,logreg_accuracy,0.19944444444444445
shendure,RandomProjection,774263,0.004,logreg_accuracy,0.17738507996868358
shendure,RandomProjection,774263,0.0073875,logreg_accuracy,0.18285904846598489
shendure,RandomProjection,774263,0.0136438,logreg_accuracy,0.1811111111111111
shendure,RandomProjection,774263,0.0251984,logreg_accuracy,0.182
shendure,RandomProjection,774263,0.0465384,logreg_accuracy,0.18444444444444444
shendure,RandomProjection,774263,0.0859506,logreg_accuracy,0.187
shendure,RandomProjection,774263,0.1587401,logreg_accuracy,0.1902222222222222
shendure,RandomProjection,774263,0.2931733,logreg_accuracy,0.19444444444444445
shendure,RandomProjection,774263,0.5414548,logreg_accuracy,0.19855555555555557
shendure,RandomProjection,774263,1.0,logreg_accuracy,0.19944444444444445
shendure,RandomProjection,2782559,0.004,logreg_accuracy,0.17738507996868358
shendure,RandomProjection,2782559,0.0073875,logreg_accuracy,0.18285904846598489
shendure,RandomProjection,2782559,0.0136438,logreg_accuracy,0.1811111111111111
shendure,RandomProjection,2782559,0.0251984,logreg_accuracy,0.182
shendure,RandomProjection,2782559,0.0465384,logreg_accuracy,0.18444444444444444
shendure,RandomProjection,2782559,0.0859506,logreg_accuracy,0.187
shendure,RandomProjection,2782559,0.1587401,logreg_accuracy,0.1902222222222222
shendure,RandomProjection,2782559,0.2931733,logreg_accuracy,0.19444444444444445
shendure,RandomProjection,2782559,0.5414548,logreg_accuracy,0.19855555555555557
shendure,RandomProjection,2782559,1.0,logreg_accuracy,0.19944444444444445
shendure,RandomProjection,10000000,0.004,logreg_accuracy,0.17738507996868358
shendure,RandomProjection,10000000,0.0073875,logreg_accuracy,0.18285904846598489
shendure,RandomProjection,10000000,0.0136438,logreg_accuracy,0.1811111111111111
shendure,RandomProjection,10000000,0.0251984,logreg_accuracy,0.182
shendure,RandomProjection,10000000,0.0465384,logreg_accuracy,0.18444444444444444
shendure,RandomProjection,10000000,0.0859506,logreg_accuracy,0.187
shendure,RandomProjection,10000000,0.1587401,logreg_accuracy,0.1902222222222222
shendure,RandomProjection,10000000,0.2931733,logreg_accuracy,0.19444444444444445
shendure,RandomProjection,10000000,0.5414548,logreg_accuracy,0.19855555555555557
shendure,RandomProjection,10000000,1.0,logreg_accuracy,0.19944444444444445
shendure,SCVI,100,0.004,logreg_accuracy,0.1774969242814003
shendure,SCVI,100,0.0073875,logreg_accuracy,0.18230324588706093
shendure,SCVI,100,0.0136438,logreg_accuracy,0.18122222222222223
shendure,SCVI,100,0.0251984,logreg_accuracy,0.18166666666666667
shendure,SCVI,100,0.0465384,logreg_accuracy,0.19933333333333333
shendure,SCVI,100,0.0859506,logreg_accuracy,0.21066666666666667
shendure,SCVI,100,0.1587401,logreg_accuracy,0.2228888888888889
shendure,SCVI,100,0.2931733,logreg_accuracy,0.2461111111111111
shendure,SCVI,100,0.5414548,logreg_accuracy,0.2511111111111111
shendure,SCVI,100,1.0,logreg_accuracy,0.27344444444444443
shendure,SCVI,359,0.004,logreg_accuracy,0.1774969242814003
shendure,SCVI,359,0.0073875,logreg_accuracy,0.18230324588706093
shendure,SCVI,359,0.0136438,logreg_accuracy,0.18122222222222223
shendure,SCVI,359,0.0251984,logreg_accuracy,0.18633333333333332
shendure,SCVI,359,0.0465384,logreg_accuracy,0.20155555555555554
shendure,SCVI,359,0.0859506,logreg_accuracy,0.22111111111111112
shendure,SCVI,359,0.1587401,logreg_accuracy,0.2358888888888889
shendure,SCVI,359,0.2931733,logreg_accuracy,0.2578888888888889
shendure,SCVI,359,0.5414548,logreg_accuracy,0.26022222222222224
shendure,SCVI,359,1.0,logreg_accuracy,0.2853333333333333
shendure,SCVI,1291,0.004,logreg_accuracy,0.1774969242814003
shendure,SCVI,1291,0.0073875,logreg_accuracy,0.18786127167630057
shendure,SCVI,1291,0.0136438,logreg_accuracy,0.19677777777777777
shendure,SCVI,1291,0.0251984,logreg_accuracy,0.2
shendure,SCVI,1291,0.0465384,logreg_accuracy,0.22244444444444444
shendure,SCVI,1291,0.0859506,logreg_accuracy,0.24866666666666667
shendure,SCVI,1291,0.1587401,logreg_accuracy,0.25822222222222224
shendure,SCVI,1291,0.2931733,logreg_accuracy,0.2461111111111111
shendure,SCVI,1291,0.5414548,logreg_accuracy,0.285
shendure,SCVI,1291,1.0,logreg_accuracy,0.2827777777777778
shendure,SCVI,4641,0.004,logreg_accuracy,0.1779443015322671
shendure,SCVI,4641,0.0073875,logreg_accuracy,0.19530902623388172
shendure,SCVI,4641,0.0136438,logreg_accuracy,0.20777777777777778
shendure,SCVI,4641,0.0251984,logreg_accuracy,0.2301111111111111
shendure,SCVI,4641,0.0465384,logreg_accuracy,0.24822222222222223
shendure,SCVI,4641,0.0859506,logreg_accuracy,0.24588888888888888
shendure,SCVI,4641,0.1587401,logreg_accuracy,0.2922222222222222
shendure,SCVI,4641,0.2931733,logreg_accuracy,0.3038888888888889
shendure,SCVI,4641,0.5414548,logreg_accuracy,0.3368888888888889
shendure,SCVI,4641,1.0,logreg_accuracy,0.3496666666666667
shendure,SCVI,16681,0.004,logreg_accuracy,0.1825299183536517
shendure,SCVI,16681,0.0073875,logreg_accuracy,0.20598043574922187
shendure,SCVI,16681,0.0136438,logreg_accuracy,0.22366666666666668
shendure,SCVI,16681,0.0251984,logreg_accuracy,0.23933333333333334
shendure,SCVI,16681,0.0465384,logreg_accuracy,0.2564444444444444
shendure,SCVI,16681,0.0859506,logreg_accuracy,0.2793333333333333
shendure,SCVI,16681,0.1587401,logreg_accuracy,0.30922222222222223
shendure,SCVI,16681,0.2931733,logreg_accuracy,0.31
shendure,SCVI,16681,0.5414548,logreg_accuracy,0.3486666666666667
shendure,SCVI,16681,1.0,logreg_accuracy,0.3625555555555556
shendure,SCVI,59948,0.004,logreg_accuracy,0.18856951124035343
shendure,SCVI,59948,0.0073875,logreg_accuracy,0.2123165851489551
shendure,SCVI,59948,0.0136438,logreg_accuracy,0.23044444444444445
shendure,SCVI,59948,0.0251984,logreg_accuracy,0.2518888888888889
shendure,SCVI,59948,0.0465384,logreg_accuracy,0.269
shendure,SCVI,59948,0.0859506,logreg_accuracy,0.2912222222222222
shendure,SCVI,59948,0.1587401,logreg_accuracy,0.32055555555555554
shendure,SCVI,59948,0.2931733,logreg_accuracy,0.344
shendure,SCVI,59948,0.5414548,logreg_accuracy,0.36833333333333335
shendure,SCVI,59948,1.0,logreg_accuracy,0.38355555555555554
shendure,SCVI,215443,0.004,logreg_accuracy,0.20199082876635724
shendure,SCVI,215443,0.0073875,logreg_accuracy,0.2239884393063584
shendure,SCVI,215443,0.0136438,logreg_accuracy,0.23433333333333334
shendure,SCVI,215443,0.0251984,logreg_accuracy,0.26166666666666666
shendure,SCVI,215443,0.0465384,logreg_accuracy,0.27544444444444444
shendure,SCVI,215443,0.0859506,logreg_accuracy,0.30633333333333335
shendure,SCVI,215443,0.1587401,logreg_accuracy,0.3362222222222222
shendure,SCVI,215443,0.2931733,logreg_accuracy,0.3491111111111111
shendure,SCVI,215443,0.5414548,logreg_accuracy,0.37466666666666665
shendure,SCVI,215443,1.0,logreg_accuracy,0.3917777777777778
shendure,SCVI,774263,0.004,logreg_accuracy,0.20635275696230845
shendure,SCVI,774263,0.0073875,logreg_accuracy,0.22965762561138284
shendure,SCVI,774263,0.0136438,logreg_accuracy,0.2411111111111111
shendure,SCVI,774263,0.0251984,logreg_accuracy,0.25933333333333336
shendure,SCVI,774263,0.0465384,logreg_accuracy,0.29244444444444445
shendure,SCVI,774263,0.0859506,logreg_accuracy,0.3128888888888889
shendure,SCVI,774263,0.1587401,logreg_accuracy,0.3498888888888889
shendure,SCVI,774263,0.2931733,logreg_accuracy,0.36277777777777775
shendure,SCVI,774263,0.5414548,logreg_accuracy,0.3883333333333333
shendure,SCVI,774263,1.0,logreg_accuracy,0.3962222222222222
shendure,SCVI,2782559,0.004,logreg_accuracy,0.20780673302762553
shendure,SCVI,2782559,0.0073875,logreg_accuracy,0.22899066251667408
shendure,SCVI,2782559,0.0136438,logreg_accuracy,0.2431111111111111
shendure,SCVI,2782559,0.0251984,logreg_accuracy,0.2638888888888889
shendure,SCVI,2782559,0.0465384,logreg_accuracy,0.3002222222222222
shendure,SCVI,2782559,0.0859506,logreg_accuracy,0.319
shendure,SCVI,2782559,0.1587401,logreg_accuracy,0.34644444444444444
shendure,SCVI,2782559,0.2931733,logreg_accuracy,0.3718888888888889
shendure,SCVI,2782559,0.5414548,logreg_accuracy,0.38333333333333336
shendure,SCVI,2782559,1.0,logreg_accuracy,0.3983333333333333
shendure,SCVI,10000000,0.004,logreg_accuracy,0.20020131976289005
shendure,SCVI,10000000,0.0073875,logreg_accuracy,0.2249888839484215
shendure,SCVI,10000000,0.0136438,logreg_accuracy,0.244
shendure,SCVI,10000000,0.0251984,logreg_accuracy,0.2692222222222222
shendure,SCVI,10000000,0.0465384,logreg_accuracy,0.2982222222222222
shendure,SCVI,10000000,0.0859506,logreg_accuracy,0.32233333333333336
shendure,SCVI,10000000,0.1587401,logreg_accuracy,0.357
shendure,SCVI,10000000,0.2931733,logreg_accuracy,0.37466666666666665
shendure,SCVI,10000000,0.5414548,logreg_accuracy,0.39366666666666666
shendure,SCVI,10000000,1.0,logreg_accuracy,0.4051111111111111
shendure,State,100,0.004,logreg_accuracy,0.1774969242814003
shendure,State,100,0.0073875,logreg_accuracy,0.18230324588706093
shendure,State,100,0.0136438,logreg_accuracy,0.18122222222222223
shendure,State,100,0.0251984,logreg_accuracy,0.182
shendure,State,100,0.0465384,logreg_accuracy,0.18122222222222223
shendure,State,100,0.0859506,logreg_accuracy,0.18122222222222223
shendure,State,100,0.1587401,logreg_accuracy,0.18122222222222223
shendure,State,100,0.2931733,logreg_accuracy,0.18122222222222223
shendure,State,100,0.5414548,logreg_accuracy,0.18133333333333335
shendure,State,100,1.0,logreg_accuracy,0.19822222222222222
shendure,State,359,0.004,logreg_accuracy,0.1774969242814003
shendure,State,359,0.0073875,logreg_accuracy,0.18230324588706093
shendure,State,359,0.0136438,logreg_accuracy,0.18122222222222223
shendure,State,359,0.0251984,logreg_accuracy,0.18122222222222223
shendure,State,359,0.0465384,logreg_accuracy,0.18122222222222223
shendure,State,359,0.0859506,logreg_accuracy,0.18122222222222223
shendure,State,359,0.1587401,logreg_accuracy,0.18122222222222223
shendure,State,359,0.2931733,logreg_accuracy,0.21233333333333335
shendure,State,359,0.5414548,logreg_accuracy,0.204
shendure,State,359,1.0,logreg_accuracy,0.25855555555555554
shendure,State,1291,0.004,logreg_accuracy,0.1774969242814003
shendure,State,1291,0.0073875,logreg_accuracy,0.18230324588706093
shendure,State,1291,0.0136438,logreg_accuracy,0.18122222222222223
shendure,State,1291,0.0251984,logreg_accuracy,0.18122222222222223
shendure,State,1291,0.0465384,logreg_accuracy,0.18122222222222223
shendure,State,1291,0.0859506,logreg_accuracy,0.21733333333333332
shendure,State,1291,0.1587401,logreg_accuracy,0.23655555555555555
shendure,State,1291,0.2931733,logreg_accuracy,0.238
shendure,State,1291,0.5414548,logreg_accuracy,0.245
shendure,State,1291,1.0,logreg_accuracy,0.2712222222222222
shendure,State,4641,0.004,logreg_accuracy,0.1774969242814003
shendure,State,4641,0.0073875,logreg_accuracy,0.18230324588706093
shendure,State,4641,0.0136438,logreg_accuracy,0.18244444444444444
shendure,State,4641,0.0251984,logreg_accuracy,0.1932222222222222
shendure,State,4641,0.0465384,logreg_accuracy,0.23333333333333334
shendure,State,4641,0.0859506,logreg_accuracy,0.2242222222222222
shendure,State,4641,0.1587401,logreg_accuracy,0.24544444444444444
shendure,State,4641,0.2931733,logreg_accuracy,0.25555555555555554
shendure,State,4641,0.5414548,logreg_accuracy,0.2617777777777778
shendure,State,4641,1.0,logreg_accuracy,0.2763333333333333
shendure,State,16681,0.004,logreg_accuracy,0.1774969242814003
shendure,State,16681,0.0073875,logreg_accuracy,0.18230324588706093
shendure,State,16681,0.0136438,logreg_accuracy,0.18333333333333332
shendure,State,16681,0.0251984,logreg_accuracy,0.1811111111111111
shendure,State,16681,0.0465384,logreg_accuracy,0.22777777777777777
shendure,State,16681,0.0859506,logreg_accuracy,0.237
shendure,State,16681,0.1587401,logreg_accuracy,0.245
shendure,State,16681,0.2931733,logreg_accuracy,0.25377777777777777
shendure,State,16681,0.5414548,logreg_accuracy,0.27266666666666667
shendure,State,16681,1.0,logreg_accuracy,0.29133333333333333
shendure,State,59948,0.004,logreg_accuracy,0.1783916787831339
shendure,State,59948,0.0073875,logreg_accuracy,0.18230324588706093
shendure,State,59948,0.0136438,logreg_accuracy,0.19822222222222222
shendure,State,59948,0.0251984,logreg_accuracy,0.18122222222222223
shendure,State,59948,0.0465384,logreg_accuracy,0.22755555555555557
shendure,State,59948,0.0859506,logreg_accuracy,0.24566666666666667
shendure,State,59948,0.1587401,logreg_accuracy,0.2508888888888889
shendure,State,59948,0.2931733,logreg_accuracy,0.2518888888888889
shendure,State,59948,0.5414548,logreg_accuracy,0.27655555555555555
shendure,State,59948,1.0,logreg_accuracy,0.2932222222222222
shendure,State,215443,0.004,logreg_accuracy,0.1774969242814003
shendure,State,215443,0.0073875,logreg_accuracy,0.18230324588706093
shendure,State,215443,0.0136438,logreg_accuracy,0.18122222222222223
shendure,State,215443,0.0251984,logreg_accuracy,0.21488888888888888
shendure,State,215443,0.0465384,logreg_accuracy,0.2338888888888889
shendure,State,215443,0.0859506,logreg_accuracy,0.23344444444444445
shendure,State,215443,0.1587401,logreg_accuracy,0.25655555555555554
shendure,State,215443,0.2931733,logreg_accuracy,0.2617777777777778
shendure,State,215443,0.5414548,logreg_accuracy,0.27755555555555556
shendure,State,215443,1.0,logreg_accuracy,0.29188888888888886
shendure,State,774263,0.004,logreg_accuracy,0.1774969242814003
shendure,State,774263,0.0073875,logreg_accuracy,0.1824144064028457
shendure,State,774263,0.0136438,logreg_accuracy,0.212
shendure,State,774263,0.0251984,logreg_accuracy,0.2232222222222222
shendure,State,774263,0.0465384,logreg_accuracy,0.24433333333333335
shendure,State,774263,0.0859506,logreg_accuracy,0.273
shendure,State,774263,0.1587401,logreg_accuracy,0.29044444444444445
shendure,State,774263,0.2931733,logreg_accuracy,0.3075555555555556
shendure,State,774263,0.5414548,logreg_accuracy,0.3328888888888889
shendure,State,774263,1.0,logreg_accuracy,0.34555555555555556
shendure,State,2782559,0.004,logreg_accuracy,0.18029303209931774
shendure,State,2782559,0.0073875,logreg_accuracy,0.19086260560249
shendure,State,2782559,0.0136438,logreg_accuracy,0.1991111111111111
shendure,State,2782559,0.0251984,logreg_accuracy,0.22211111111111112
shendure,State,2782559,0.0465384,logreg_accuracy,0.24522222222222223
shendure,State,2782559,0.0859506,logreg_accuracy,0.2703333333333333
shendure,State,2782559,0.1587401,logreg_accuracy,0.2832222222222222
shendure,State,2782559,0.2931733,logreg_accuracy,0.29688888888888887
shendure,State,2782559,0.5414548,logreg_accuracy,0.3277777777777778
shendure,State,2782559,1.0,logreg_accuracy,0.3371111111111111
shendure,State,10000000,0.004,logreg_accuracy,0.18286545129180182
shendure,State,10000000,0.0073875,logreg_accuracy,0.18230324588706093
shendure,State,10000000,0.0136438,logreg_accuracy,0.21055555555555555
shendure,State,10000000,0.0251984,logreg_accuracy,0.22022222222222224
shendure,State,10000000,0.0465384,logreg_accuracy,0.24822222222222223
shendure,State,10000000,0.0859506,logreg_accuracy,0.27655555555555555
shendure,State,10000000,0.1587401,logreg_accuracy,0.30777777777777776
shendure,State,10000000,0.2931733,logreg_accuracy,0.3247777777777778
shendure,State,10000000,0.5414548,logreg_accuracy,0.3506666666666667
shendure,State,10000000,1.0,logreg_accuracy,0.3824444444444444
